installer,installer_good,installer_repair,installer_bad,installer_sum_cases
-,0.6666666666666666,0.0,0.3333333333333333,3.0
0,0.5727155727155727,0.003861003861003861,0.42342342342342343,777.0
a.d.b,0.0,1.0,0.0,1.0
aar,0.0,0.5,0.5,4.0
aartisa,0.0,0.0,1.0,1.0
abasia,0.7931034482758621,0.06896551724137931,0.13793103448275862,29.0
abd,1.0,0.0,0.0,1.0
abdala,0.0,0.0,1.0,1.0
abdallah ally wazir,0.0,0.0,1.0,1.0
abdul,0.0,0.0,1.0,1.0
ac,1.0,0.0,0.0,2.0
accra,1.0,0.0,0.0,30.0
acord,0.3333333333333333,0.0,0.6666666666666666,3.0
acra,0.9784172661870504,0.0,0.02158273381294964,278.0
act,1.0,0.0,0.0,1.0
act mara,1.0,0.0,0.0,1.0
action aid,1.0,0.0,0.0,2.0
action contre la faim,0.7777777777777778,0.0,0.2222222222222222,9.0
active kmk,1.0,0.0,0.0,1.0
active mkm,0.8846153846153846,0.11538461538461539,0.0,26.0
active tank co,1.0,0.0,0.0,9.0
active tank co ltd,1.0,0.0,0.0,2.0
ad,0.9285714285714286,0.0,0.07142857142857142,14.0
adam,0.0,0.0,1.0,2.0
adam kea,1.0,0.0,0.0,1.0
adam mualuaka,1.0,0.0,0.0,1.0
adap,0.25,0.0,0.75,4.0
adb,0.4,0.0,0.6,5.0
adp,0.5789473684210527,0.0,0.42105263157894735,19.0
adp busangi,0.6428571428571429,0.0,0.35714285714285715,14.0
adra,0.6444444444444445,0.014814814814814815,0.34074074074074073,135.0
adra /community,0.3090909090909091,0.0,0.6909090909090909,55.0
adra /government,1.0,0.0,0.0,6.0
adra/ community,0.058823529411764705,0.0,0.9411764705882353,17.0
adra/community,0.2,0.0,0.8,60.0
adra/government,1.0,0.0,0.0,3.0
adrs,0.0,0.0,1.0,1.0
af,0.41379310344827586,0.034482758620689655,0.5517241379310345,29.0
africa,0.6666666666666666,0.16666666666666666,0.16666666666666666,6.0
africa amini alama,0.5,0.0,0.5,2.0
africa islamic agency tanzania,0.3333333333333333,0.0,0.6666666666666666,3.0
africa m,0.0,0.0,1.0,1.0
africa muslim,1.0,0.0,0.0,1.0
africa muslim agenc,0.5,0.0,0.5,2.0
african development foundation,0.0,0.0,1.0,6.0
african muslims age,0.0,0.0,1.0,2.0
african realief committe of ku,0.0,0.0,1.0,2.0
african reflections foundation,0.0,0.0,1.0,1.0
africaone,0.0,1.0,0.0,1.0
africaone ltd,0.0,0.0,1.0,1.0
africare,0.5,0.0,0.5,2.0
afroz ismail,1.0,0.0,0.0,1.0
agrican,1.0,0.0,0.0,1.0
ahmad,1.0,0.0,0.0,1.0
ai,0.09090909090909091,0.0,0.9090909090909091,11.0
aic,0.3,0.3,0.4,10.0
aic ki,1.0,0.0,0.0,1.0
aict,0.7857142857142857,0.011904761904761904,0.20238095238095238,84.0
aimgold,1.0,0.0,0.0,9.0
aixos,1.0,0.0,0.0,1.0
al ha,1.0,0.0,0.0,1.0
alex moyela,1.0,0.0,0.0,1.0
alia,1.0,0.0,0.0,1.0
allys,1.0,0.0,0.0,1.0
altai co. ltd,0.0,0.0,1.0,1.0
amadi,1.0,0.0,0.0,1.0
amari,1.0,0.0,0.0,1.0
amboni plantation,0.6,0.0,0.4,5.0
ambrose,1.0,0.0,0.0,1.0
ambwene mwaikeke,0.0,0.0,1.0,1.0
amec,1.0,0.0,0.0,2.0
american,0.0,0.0,1.0,1.0
amp contract,1.0,0.0,0.0,6.0
amp contractor,1.0,0.0,0.0,9.0
amp contracts,0.0,0.0,1.0,6.0
amref,0.42663656884875845,0.013544018058690745,0.5598194130925508,443.0
angli,0.7319587628865979,0.010309278350515464,0.25773195876288657,97.0
anglica church,0.0,0.0,1.0,1.0
anglican,1.0,0.0,0.0,2.0
anglican church,0.8333333333333334,0.16666666666666666,0.0,6.0
anglican uganda,1.0,0.0,0.0,2.0
anglikan,1.0,0.0,0.0,1.0
anglikana,1.0,0.0,0.0,1.0
anglikana church,0.0,0.0,1.0,1.0
angrikana,0.625,0.25,0.125,8.0
ansnani murij,0.0,1.0,0.0,1.0
answar,1.0,0.0,0.0,1.0
apm,0.5,0.0,0.5,2.0
aqal,0.5,0.0,0.5,2.0
aqua blues angels,1.0,0.0,0.0,1.0
aqua wat,0.0,0.0,1.0,1.0
aqua wel,0.0,0.0,1.0,2.0
aqual,1.0,0.0,0.0,1.0
aquarman drillers,0.0,0.0,1.0,2.0
aqwaman drilling,1.0,0.0,0.0,1.0
ar,0.5,0.0,0.5,2.0
arab community,0.0,0.0,1.0,1.0
arabs community,0.0,0.0,1.0,2.0
ardhi and pet companies,0.0,0.0,1.0,1.0
ardhi instute,0.3333333333333333,0.3333333333333333,0.3333333333333333,3.0
ardhi water well,0.0,0.0,1.0,11.0
ardhi water wells,0.0,0.0,1.0,1.0
arisan,1.0,0.0,0.0,1.0
arrian,1.0,0.0,0.0,1.0
artisan,0.5555555555555556,0.044444444444444446,0.4,135.0
asdp,0.0,0.0,1.0,2.0
athumani  janguo,0.0,0.0,1.0,2.0
athumani issa,0.0,0.0,1.0,1.0
atigh buildings,0.0,0.0,1.0,10.0
atisan,0.75,0.0,0.25,4.0
atlas,0.0,0.0,1.0,1.0
atlas company,0.6,0.2,0.2,5.0
australia,0.5,0.0,0.5,4.0
auwasa,1.0,0.0,0.0,10.0
b.a.p,0.0,0.0,1.0,1.0
baadela,1.0,0.0,0.0,1.0
babtest,0.0,0.0,1.0,1.0
babu sajin,1.0,0.0,0.0,1.0
babu sajini,1.0,0.0,0.0,1.0
bahresa,0.0,0.0,1.0,1.0
balyeh,1.0,0.0,0.0,1.0
bao,1.0,0.0,0.0,1.0
baptist church,1.0,0.0,0.0,1.0
baptist church of tanzania,1.0,0.0,0.0,1.0
baric,0.5714285714285714,0.0,0.42857142857142855,7.0
barry a. murphy,1.0,0.0,0.0,1.0
batist church,1.0,0.0,0.0,1.0
belgiam government,0.0,0.0,1.0,8.0
belgij,1.0,0.0,0.0,3.0
bemanda,1.0,0.0,0.0,1.0
benguka,0.9230769230769231,0.07692307692307693,0.0,13.0
benjamin,1.0,0.0,0.0,1.0
besada,0.5,0.19230769230769232,0.3076923076923077,26.0
besado,0.0,1.0,0.0,1.0
bffs,0.0,0.0,1.0,5.0
bgm,0.8095238095238095,0.0,0.19047619047619047,21.0
bgss,1.0,0.0,0.0,1.0
bhoke mwita,1.0,0.0,0.0,1.0
bilila,1.0,0.0,0.0,5.0
billy phillips,0.0,0.0,1.0,1.0
bingo foundation,1.0,0.0,0.0,2.0
bingo foundation germany,1.0,0.0,0.0,1.0
biore,0.8,0.2,0.0,5.0
birage,1.0,0.0,0.0,1.0
bkhws,0.0,0.0,1.0,1.0
boazi,1.0,0.0,0.0,1.0
bobby,1.0,0.0,0.0,3.0
bokera w,1.0,0.0,0.0,2.0
boma saving,0.0,0.0,1.0,1.0
boni,0.0,0.0,1.0,1.0
bonite bottles ltd,1.0,0.0,0.0,1.0
br,0.875,0.0,0.125,8.0
bra,1.0,0.0,0.0,1.0
brad,1.0,0.0,0.0,1.0
bridge north,0.25,0.0,0.75,4.0
britain,0.0,0.0,1.0,1.0
british,0.0,0.0,1.0,1.0
british colonial government,0.0,0.0,1.0,3.0
british government,0.0,0.0,1.0,1.0
brown,0.0,0.0,1.0,1.0
bruder,0.8125,0.0625,0.125,16.0
bsf,0.5714285714285714,0.08571428571428572,0.34285714285714286,35.0
buguba,0.3333333333333333,0.0,0.6666666666666666,3.0
building works company ltd,0.0,0.0,1.0,3.0
building works engineering ltd,0.0,0.0,1.0,1.0
bukumb,0.0,0.0,1.0,1.0
bulyahunlu gold mine,0.5,0.0,0.5,8.0
bumabu,0.0,0.0,1.0,1.0
buruba,1.0,0.0,0.0,1.0
busoga trust,0.0,0.0,1.0,1.0
c,0.0,0.0,1.0,1.0
caltas,0.25,0.0,0.75,4.0
caltaz kahama,0.0,0.0,1.0,1.0
caltus,1.0,0.0,0.0,4.0
calvary connection,1.0,0.0,0.0,2.0
camartec,0.0,0.0,1.0,1.0
canada na tanzania,0.9166666666666666,0.0,0.08333333333333333,12.0
canop,0.0,0.0,1.0,13.0
cap,1.0,0.0,0.0,1.0
care,0.0,0.0,1.0,1.0
care  international,1.0,0.0,0.0,1.0
care international,0.8695652173913043,0.08695652173913043,0.043478260869565216,23.0
care/cipro,1.0,0.0,0.0,1.0
caritas,0.0,0.3333333333333333,0.6666666666666666,3.0
carmatech,1.0,0.0,0.0,1.0
cartas,0.0,0.0,1.0,9.0
cartas tanzania,0.0,0.0,1.0,4.0
cast,0.75,0.0,0.25,4.0
cathoric,1.0,0.0,0.0,1.0
cbhcc,0.8780487804878049,0.024390243902439025,0.0975609756097561,41.0
ccec,0.8275862068965517,0.0,0.1724137931034483,29.0
ccp,0.0,0.0,1.0,1.0
ccpk,0.0,0.0,1.0,1.0
ccps,1.0,0.0,0.0,2.0
cct,0.1111111111111111,0.0,0.8888888888888888,9.0
cdt,0.0,0.0,1.0,1.0
cdtf,0.44,0.02,0.54,50.0
ce,0.08695652173913043,0.043478260869565216,0.8695652173913043,23.0
cebtral government,0.0,0.0,1.0,5.0
cefa,0.8555555555555555,0.011111111111111112,0.13333333333333333,90.0
cefa/rc church,1.0,0.0,0.0,1.0
cental government,0.0,0.0,1.0,6.0
centr,0.12962962962962962,0.06790123456790123,0.8024691358024691,162.0
centra government,0.0,0.0,1.0,1.0
centra govt,0.0,0.0,1.0,1.0
central basin,1.0,0.0,0.0,1.0
central government,0.2857142857142857,0.010484927916120577,0.7038007863695938,763.0
central govt,0.16666666666666666,0.050724637681159424,0.782608695652174,138.0
ces,0.8819672131147541,0.001639344262295082,0.11639344262295082,610.0
cetral government /rc,1.0,0.0,0.0,1.0
cf builders,1.0,0.0,0.0,1.0
cg,0.3684210526315789,0.15789473684210525,0.47368421052631576,19.0
cg/rc,1.0,0.0,0.0,1.0
cgi,0.0,0.0,1.0,1.0
ch,0.8857142857142857,0.0,0.11428571428571428,35.0
chacha,0.5,0.0,0.5,2.0
chacha issame,1.0,0.0,0.0,1.0
chama cha ushirika,1.0,0.0,0.0,1.0
chamavita,0.68,0.09333333333333334,0.22666666666666666,75.0
chande co,1.0,0.0,0.0,1.0
chani,1.0,0.0,0.0,2.0
charlotte well,1.0,0.0,0.0,1.0
chela,0.0,1.0,0.0,1.0
cheni,0.6666666666666666,0.0,0.3333333333333333,3.0
chiko,0.2,0.0,0.8,5.0
china,0.0,0.0,1.0,9.0
china co.,1.0,0.0,0.0,1.0
china henan constuction,1.0,0.0,0.0,1.0
china henan contractor,0.5,0.1,0.4,10.0
chinese,0.0,0.0,1.0,1.0
chonja charles,0.0,1.0,0.0,1.0
christan outrich,0.0,0.0,1.0,1.0
christian outrich,0.5,0.0,0.5,2.0
christina magoge,1.0,0.0,0.0,1.0
christopher,1.0,0.0,0.0,1.0
chuo,1.0,0.0,0.0,1.0
chur,0.8235294117647058,0.0,0.17647058823529413,17.0
churc,0.0,0.0,1.0,1.0
church,0.6,0.0,0.4,5.0
church of disciples,1.0,0.0,0.0,1.0
cida,1.0,0.0,0.0,1.0
cip,0.5,0.0,0.5,2.0
cipro,0.5,0.5,0.0,2.0
cipro/care,0.3333333333333333,0.3333333333333333,0.3333333333333333,3.0
cipro/care/tcrs,1.0,0.0,0.0,6.0
cipro/government,0.7142857142857143,0.2857142857142857,0.0,21.0
citizen engine,0.6470588235294118,0.23529411764705882,0.11764705882352941,17.0
cjej0,1.0,0.0,0.0,1.0
cjejow,0.6666666666666666,0.0,0.3333333333333333,3.0
cjejow construction,0.6296296296296297,0.0,0.37037037037037035,27.0
clause workers,0.3333333333333333,0.16666666666666666,0.5,6.0
claver,1.0,0.0,0.0,1.0
cmsr,0.7083333333333334,0.0,0.2916666666666667,24.0
co,0.9454545454545454,0.01818181818181818,0.03636363636363636,55.0
cobashec,0.0,0.0,1.0,3.0
cocane,0.7777777777777778,0.07407407407407407,0.14814814814814814,27.0
cocu,1.0,0.0,0.0,1.0
coek,0.5,0.0,0.5,2.0
coew,0.0,0.0,1.0,1.0
college,0.0,0.0,1.0,1.0
colonial government,1.0,0.0,0.0,3.0
commu,0.6816901408450704,0.03004694835680751,0.28826291079812205,1065.0
communit,0.46296296296296297,0.35185185185185186,0.18518518518518517,54.0
community,0.6972972972972973,0.07387387387387387,0.22882882882882882,555.0
community bank,0.0,0.0,1.0,1.0
compa,0.0,0.0,1.0,2.0
company,1.0,0.0,0.0,1.0
compasion internatio,1.0,0.0,0.0,1.0
comunity,0.0,0.0,1.0,2.0
conce,0.08333333333333333,0.0,0.9166666666666666,12.0
concen,0.5,0.25,0.25,4.0
concern,0.6,0.025,0.375,40.0
concern /government,1.0,0.0,0.0,7.0
concern/government,1.0,0.0,0.0,2.0
cons,0.7741935483870968,0.03225806451612903,0.1935483870967742,31.0
consultant,0.75,0.0,0.25,12.0
consultant and dwe,0.8,0.0,0.2,5.0
consultant engineer,0.0,0.5454545454545454,0.45454545454545453,11.0
consulting engineer,0.5882352941176471,0.01680672268907563,0.3949579831932773,119.0
consuting engineer,0.3333333333333333,0.0,0.6666666666666666,21.0
conta,0.0,0.0,1.0,1.0
contr,0.75,0.0,0.25,8.0
cosmo,0.6363636363636364,0.0,0.36363636363636365,22.0
cosmos eng ltd,0.0,0.0,1.0,7.0
cosmos engineering,0.25,0.4166666666666667,0.3333333333333333,12.0
coun,0.0,0.0,1.0,8.0
counc,0.4,0.2,0.4,5.0
council,0.0,0.5,0.5,8.0
cow,0.0,0.0,1.0,1.0
cowi,0.0,0.0,1.0,1.0
coyi,0.0,0.0,1.0,1.0
cpro,0.4,0.4,0.2,5.0
craelius,1.0,0.0,0.0,1.0
crety,1.0,0.0,0.0,1.0
cristan outrich,1.0,0.0,0.0,1.0
crs,0.0,1.0,0.0,1.0
cspd,0.6,0.0,0.4,5.0
cultus,0.5,0.0,0.5,2.0
cvs miss,0.0,0.0,1.0,1.0
d,0.1,0.0,0.9,10.0
d$l,0.0,0.0,1.0,1.0
da,0.7012987012987013,0.0,0.2987012987012987,308.0
dadis,1.0,0.0,0.0,1.0
dadp,0.5,0.0,0.5,2.0
dads,0.4117647058823529,0.0,0.5882352941176471,17.0
dads/village community,1.0,0.0,0.0,8.0
dak,0.6363636363636364,0.0,0.36363636363636365,11.0
daldo,0.75,0.16666666666666666,0.08333333333333333,12.0
danda,1.0,0.0,0.0,1.0
daniad,1.0,0.0,0.0,1.0
danid,0.7932692307692307,0.019230769230769232,0.1875,624.0
danida,0.5161904761904762,0.07904761904761905,0.40476190476190477,1050.0
danida co,1.0,0.0,0.0,1.0
danids,0.0,0.0,1.0,1.0
daniel,1.0,0.0,0.0,1.0
dannida,1.0,0.0,0.0,1.0
danny,0.0,0.0,1.0,2.0
dar es salaam round table,1.0,0.0,0.0,1.0
dar es salaam technician,1.0,0.0,0.0,1.0
dardo,1.0,0.0,0.0,6.0
dasip,0.5,0.3333333333333333,0.16666666666666666,6.0
dasp,1.0,0.0,0.0,2.0
dassip,0.0,0.0,1.0,2.0
dawasa,0.0,0.0,1.0,1.0
dawasco,0.9230769230769231,0.015384615384615385,0.06153846153846154,65.0
dawe,1.0,0.0,0.0,1.0
dbfpe,0.0,0.0,1.0,3.0
dbsp,0.0,1.0,0.0,1.0
dbspe,0.0,0.0,1.0,5.0
dcca,0.0,0.0,1.0,2.0
dct,0.8571428571428571,0.0,0.14285714285714285,7.0
ddca,0.4523809523809524,0.007936507936507936,0.5396825396825397,126.0
ddca co,0.0,0.0,1.0,2.0
ddp,0.5,0.0,0.5,2.0
ddsa,0.0,0.0,1.0,1.0
de,0.5,0.0,0.5,2.0
ded,0.49523809523809526,0.11428571428571428,0.3904761904761905,105.0
dee,0.75,0.0,0.25,4.0
denish,0.0,0.0,1.0,2.0
deogra,1.0,0.0,0.0,1.0
desk a,0.0,0.0,1.0,2.0
desk and chair foundation,0.5,0.0,0.5,2.0
desk c,0.8,0.0,0.2,5.0
deus ndege,1.0,0.0,0.0,1.0
dew,1.0,0.0,0.0,1.0
dfid,1.0,0.0,0.0,1.0
dh,0.5742574257425742,0.054455445544554455,0.3712871287128713,202.0
dhinu,0.0,0.0,1.0,3.0
dhv,0.2037037037037037,0.018518518518518517,0.7777777777777778,54.0
dhv moro,0.0,0.0,1.0,1.0
di,1.0,0.0,0.0,1.0
dimon,0.0,0.0,1.0,1.0
dina,1.0,0.0,0.0,1.0
diocese of geita,0.25,0.0,0.75,4.0
diocese of mount kilimanjaro,0.0,0.0,1.0,1.0
distri,0.5414364640883977,0.09944751381215469,0.35911602209944754,181.0
distric water department,0.0,0.0,1.0,1.0
district  council,0.5,0.0,0.5,4.0
district community j,1.0,0.0,0.0,1.0
district counci,0.46153846153846156,0.23076923076923078,0.3076923076923077,13.0
district council,0.4006243496357961,0.06347554630593132,0.5359001040582726,961.0
district water depar,0.43478260869565216,0.08695652173913043,0.4782608695652174,46.0
district water department,0.10179640718562874,0.08982035928143713,0.8083832335329342,167.0
diwani,0.6666666666666666,0.0,0.3333333333333333,3.0
dmdd,0.9122340425531915,0.018617021276595744,0.06914893617021277,376.0
dmdd/solider,1.0,0.0,0.0,1.0
dmk,0.5,0.0,0.5,2.0
dmmd,1.0,0.0,0.0,1.0
do,0.5135135135135135,0.0,0.4864864864864865,37.0
doddea,1.0,0.0,0.0,2.0
dokta mwandulami,1.0,0.0,0.0,1.0
domnik,0.0,1.0,0.0,1.0
dr. matobola,1.0,0.0,0.0,4.0
dr. matomola,0.2222222222222222,0.0,0.7777777777777778,9.0
dr.matobola,1.0,0.0,0.0,3.0
dr.matomola,1.0,0.0,0.0,1.0
dsp,0.0,0.0,1.0,1.0
dspu,1.0,0.0,0.0,1.0
dsv,0.0,0.0,1.0,2.0
duwas,1.0,0.0,0.0,8.0
dv,1.0,0.0,0.0,1.0
dw,0.5,0.0040650406504065045,0.4959349593495935,246.0
dw e,0.5,0.0,0.5,2.0
dw#,0.0,0.0,1.0,1.0
dw$,1.0,0.0,0.0,1.0
dwe,0.5420281528296467,0.09319161160586038,0.36478023556449296,17405.0
dwe & lwi,1.0,0.0,0.0,1.0
dwe /tassaf,1.0,0.0,0.0,1.0
dwe&,0.0,0.0,1.0,1.0
dwe/,1.0,0.0,0.0,7.0
dwe/anglican church,0.0,0.0,1.0,1.0
dwe/tassaf,1.0,0.0,0.0,1.0
dwe/ubalozi wa marekani,0.0,0.0,1.0,1.0
dweb,1.0,0.0,0.0,1.0
dwe},0.6923076923076923,0.0,0.3076923076923077,13.0
dwr,0.25,0.25,0.5,12.0
dwsp,0.7291666666666666,0.005208333333333333,0.265625,192.0
dwt,1.0,0.0,0.0,2.0
dww,0.0,0.0,1.0,1.0
dydrotec,0.0,0.0,1.0,1.0
e eto,0.0,1.0,0.0,1.0
ea,0.6,0.0,0.4,5.0
eastmeru medium school,1.0,0.0,0.0,1.0
eco lodge,1.0,0.0,0.0,1.0
edward,0.5,0.0,0.5,2.0
ef,0.0,0.0,1.0,1.0
efam,0.0,0.0,1.0,4.0
efarm,0.0,0.0,1.0,2.0
efg,0.1111111111111111,0.4444444444444444,0.4444444444444444,18.0
egypt,1.0,0.0,0.0,1.0
egypt government,0.0,0.0,1.0,2.0
egypt regwa,0.0,1.0,0.0,1.0
egypt technical co operation,0.0,0.0,1.0,1.0
el,0.7142857142857143,0.14285714285714285,0.14285714285714285,7.0
elca,1.0,0.0,0.0,1.0
elct,0.8,0.0,0.2,5.0
elias mahemba,1.0,0.0,0.0,2.0
elina,1.0,0.0,0.0,1.0
elius chacha,1.0,0.0,0.0,1.0
eliza,0.0,0.0,1.0,3.0
emanda,1.0,0.0,0.0,1.0
emanda builders,0.0,0.0,1.0,1.0
emayo,1.0,0.0,0.0,1.0
embasy of japan in tanzania,1.0,0.0,0.0,1.0
emmanuel kiswagala,0.0,0.0,1.0,1.0
emmanuel kitaponda,1.0,0.0,0.0,1.0
engarasero villagers,1.0,0.0,0.0,1.0
engin,1.0,0.0,0.0,3.0
engineers without border,1.0,0.0,0.0,1.0
eno,0.5,0.0,0.5,2.0
enyuati,0.0,0.0,1.0,1.0
enyueti,0.0,0.0,1.0,3.0
ereto,0.6296296296296297,0.2222222222222222,0.14814814814814814,27.0
esawa,0.5,0.5,0.0,2.0
ester ndege,1.0,0.0,0.0,1.0
european union,0.3333333333333333,0.0,0.6666666666666666,9.0
ewe,0.0,0.0,1.0,1.0
exaud msambwa,0.8181818181818182,0.0,0.18181818181818182,11.0
f,0.6666666666666666,0.0,0.3333333333333333,3.0
fabia,1.0,0.0,0.0,1.0
fao,1.0,0.0,0.0,1.0
farm africa,1.0,0.0,0.0,1.0
farm-africa,0.0,0.0,1.0,1.0
fathe,1.0,0.0,0.0,22.0
faudh tamimu,0.5,0.0,0.5,2.0
faustine,1.0,0.0,0.0,1.0
fida,0.0,0.0,1.0,1.0
filber,1.0,0.0,0.0,1.0
filex muganga,1.0,0.0,0.0,1.0
fin water,0.16129032258064516,0.0,0.8387096774193549,62.0
fini water,0.12853470437017994,0.028277634961439587,0.8431876606683805,389.0
finland,0.5,0.5,0.0,2.0
finland government,0.125,0.0,0.875,16.0
finn water,0.06060606060606061,0.0,0.9393939393939394,33.0
finw,0.18269230769230768,0.057692307692307696,0.7596153846153846,208.0
finwate,1.0,0.0,0.0,1.0
finwater,0.25274725274725274,0.10989010989010989,0.6373626373626373,91.0
floresta,0.3333333333333333,0.6666666666666666,0.0,3.0
folac,1.0,0.0,0.0,2.0
foreigne,0.5,0.0,0.5,2.0
fpct,0.7857142857142857,0.07142857142857142,0.14285714285714285,14.0
fpct church,1.0,0.0,0.0,1.0
fptc,1.0,0.0,0.0,2.0
frankfurt,1.0,0.0,0.0,1.0
free pentecoste church of tanz,1.0,0.0,0.0,4.0
fresh water plc england,0.0,0.0,1.0,1.0
frida mokeki,0.0,0.0,1.0,1.0
friedkin conservation fund,0.0,0.0,1.0,1.0
friend from un,1.0,0.0,0.0,1.0
furahia trading,0.0,0.6666666666666666,0.3333333333333333,3.0
fw,0.07514450867052024,0.0,0.9248554913294798,173.0
g.d&i.d,0.0,0.0,1.0,1.0
ga,0.35714285714285715,0.35714285714285715,0.2857142857142857,42.0
gachuma construction,0.0,0.0,1.0,1.0
gachuma ginery,1.0,0.0,0.0,3.0
gaica,0.0,0.0,1.0,5.0
gain,0.8,0.0,0.2,10.0
gd&id,0.0,0.0,1.0,1.0
gdp,1.0,0.0,0.0,1.0
geita goldmain,1.0,0.0,0.0,3.0
gen,0.6545454545454545,0.0,0.34545454545454546,55.0
geochaina,0.5,0.0,0.5,4.0
george,0.0,0.0,1.0,2.0
george mtoto,1.0,0.0,0.0,1.0
george mtoto company,0.0,0.0,1.0,1.0
geotan,0.4583333333333333,0.2916666666666667,0.25,24.0
gerald,0.0,0.0,1.0,1.0
gerald mila,0.0,0.0,1.0,1.0
german,1.0,0.0,0.0,1.0
german missionsry,1.0,0.0,0.0,1.0
germany,0.75,0.0,0.25,8.0
germany missionary,0.7777777777777778,0.0,0.2222222222222222,9.0
gesine,1.0,0.0,0.0,1.0
getdsc00,0.0,0.0,1.0,1.0
getekwe,1.0,0.0,0.0,1.0
ggm,1.0,0.0,0.0,1.0
gida contractor,1.0,0.0,0.0,5.0
global resource co,1.0,0.0,0.0,1.0
global resource construction,1.0,0.0,0.0,1.0
go,0.45918367346938777,0.05102040816326531,0.4897959183673469,98.0
gold star,0.0,0.0,1.0,5.0
goldmain,1.0,0.0,0.0,1.0
goldstar,0.3333333333333333,0.0,0.6666666666666666,12.0
goldwill  foundation,1.0,0.0,0.0,1.0
got,0.0,0.0,1.0,1.0
gove,0.7117117117117117,0.0,0.2882882882882883,222.0
gover,0.436399217221135,0.07436399217221135,0.4892367906066536,511.0
goverm,0.3333333333333333,0.0,0.6666666666666666,3.0
govern,0.14814814814814814,0.0,0.8518518518518519,27.0
governme,0.4,0.0,0.6,5.0
governmen,1.0,0.0,0.0,1.0
government,0.2919090428344791,0.13643574828133262,0.5716552088841883,1891.0
government /community,1.0,0.0,0.0,1.0
government /sda,1.0,0.0,0.0,1.0
government /tcrs,1.0,0.0,0.0,1.0
government /world vision,0.0,0.0,1.0,1.0
government and community,0.0,0.0,1.0,2.0
government of misri,0.0,0.0,1.0,1.0
government/tcrs,1.0,0.0,0.0,1.0
gra,0.6666666666666666,0.0,0.3333333333333333,3.0
gra tz musoma,1.0,0.0,0.0,1.0
grail mission kiseki bar,0.0,1.0,0.0,1.0
great lakes,1.0,0.0,0.0,1.0
greec,0.0,0.0,1.0,5.0
green,0.0,0.0,1.0,2.0
greinaker,0.0,0.0,1.0,3.0
greineker,0.5,0.0,0.5,2.0
grobal resource  alliance,1.0,0.0,0.0,1.0
grobal resource alliance,0.8666666666666667,0.0,0.13333333333333333,15.0
grumenti,1.0,0.0,0.0,1.0
grumet,1.0,0.0,0.0,1.0
grumeti,0.8461538461538461,0.0,0.15384615384615385,39.0
grumeti fund,0.0,0.0,1.0,1.0
grumeti singita,1.0,0.0,0.0,4.0
gtz,0.3181818181818182,0.030303030303030304,0.6515151515151515,66.0
gurumeti sagita,0.5,0.0,0.5,2.0
gurumeti sagita co,0.0,0.0,1.0,2.0
gwasco,1.0,0.0,0.0,2.0
gwasco l,0.6428571428571429,0.25,0.10714285714285714,28.0
gwaseco,0.5,0.0,0.5,10.0
gwitembe,0.5,0.0,0.5,2.0
h,0.3488372093023256,0.03488372093023256,0.6162790697674418,86.0
h4ccp,0.0,0.0,1.0,1.0
ha,0.6666666666666666,0.3333333333333333,0.0,3.0
haam,0.0,0.0,1.0,1.0
haidomu lutheran church,1.0,0.0,0.0,1.0
halimashauli,0.0,0.0,1.0,1.0
halmashauli,0.3333333333333333,0.0,0.6666666666666666,3.0
halmashauri,0.34782608695652173,0.0,0.6521739130434783,23.0
halmashauri wilaya,0.0,1.0,0.0,2.0
halmashauri ya manispa  tabora,0.0,0.0,1.0,1.0
halmashauri ya manispa tabora,0.25,0.0,0.75,12.0
halmashauri ya mburu,0.6666666666666666,0.0,0.3333333333333333,3.0
halmashauri ya wilaya,0.0,0.3333333333333333,0.6666666666666666,3.0
halmashauri ya wilaya sikonge,0.21568627450980393,0.0,0.7843137254901961,102.0
halmashauri/quick win project,0.0,0.0,1.0,3.0
ham,0.5,0.0,0.5,12.0
hamis makombo,1.0,0.0,0.0,1.0
hamisi fidia,0.0,0.0,1.0,1.0
handeni trunk main,1.0,0.0,0.0,1.0
handeni trunk main(,0.6089743589743589,0.0,0.391025641025641,156.0
hanja,0.0,0.0,1.0,1.0
hanja lt,1.0,0.0,0.0,2.0
hans,1.0,0.0,0.0,25.0
hapa,0.6,0.3,0.1,10.0
hapa singida,0.9411764705882353,0.058823529411764705,0.0,34.0
happy watoto foundation,0.3,0.03333333333333333,0.6666666666666666,30.0
harison,0.0,0.0,1.0,1.0
hasawa,0.0,0.0,1.0,1.0
hashi,0.0,0.0,1.0,1.0
hasnein murij,1.0,0.0,0.0,1.0
haydom lutheran hospital,1.0,0.0,0.0,1.0
hdv,0.0,0.0,1.0,2.0
he,0.384,0.008,0.608,125.0
healt,0.4444444444444444,0.0,0.5555555555555556,9.0
hearts helping hands.inc.,1.0,0.0,0.0,1.0
heesaw,1.0,0.0,0.0,1.0
hemed abdalkah,0.0,0.0,1.0,1.0
hemed abdallah,0.0,0.0,1.0,1.0
henure dema,1.0,0.0,0.0,2.0
heri mission,1.0,0.0,0.0,1.0
hery,0.0,0.0,1.0,1.0
hesaw,0.5,0.0,0.5,2.0
hesawa,0.5634408602150538,0.03870967741935484,0.3978494623655914,1395.0
hesawq,1.0,0.0,0.0,1.0
hesaws,1.0,0.0,0.0,1.0
hesawz,0.5,0.0,0.5,2.0
hesewa,1.0,0.0,0.0,1.0
hiap,0.0,0.0,1.0,4.0
hilfe fur bruder,1.0,0.0,0.0,1.0
hindu,0.0,0.0,1.0,3.0
holand,1.0,0.0,0.0,1.0
holili water supply,0.0,0.0,1.0,1.0
holland,0.06451612903225806,0.41935483870967744,0.5161290322580645,31.0
hospi,1.0,0.0,0.0,3.0
hospital,0.5,0.0,0.5,2.0
hotel and lodge tanzania,1.0,0.0,0.0,1.0
hotels and loggs tz ltd,1.0,0.0,0.0,1.0
howard and humfrey consultant,0.0,0.0,1.0,4.0
howard and humfrey consultants,0.0,0.0,1.0,1.0
howard humfreys,0.0,0.0,1.0,1.0
hpa,0.5,0.0,0.5,2.0
hsw,0.28,0.02,0.7,100.0
huches,1.0,0.0,0.0,1.0
humfreys co,0.0,0.0,1.0,1.0
hussein ayubu,0.0,0.0,1.0,1.0
hw/rc,0.8888888888888888,0.0,0.1111111111111111,27.0
hydom luthelani,0.6666666666666666,0.0,0.3333333333333333,3.0
hydrotec,0.5454545454545454,0.0,0.45454545454545453,22.0
i.e.c,1.0,0.0,0.0,8.0
iado,0.0,0.0,1.0,2.0
icap,1.0,0.0,0.0,1.0
icf,1.0,0.0,0.0,1.0
icf/twesa,0.0,0.0,1.0,1.0
ics,0.32,0.28,0.4,25.0
idara,0.6666666666666666,0.0,0.3333333333333333,9.0
idara ya maji,0.336322869955157,0.02242152466367713,0.6412556053811659,223.0
idc,0.6,0.0,0.4,5.0
idea,1.0,0.0,0.0,10.0
idydc,0.6666666666666666,0.0,0.3333333333333333,18.0
ifad,0.16,0.04,0.8,25.0
ifakara,0.6666666666666666,0.0,0.3333333333333333,3.0
igolola community,1.0,0.0,0.0,1.0
ikela wa,0.6666666666666666,0.2222222222222222,0.1111111111111111,9.0
ilaramataki,1.0,0.0,0.0,1.0
ilct,0.43478260869565216,0.08695652173913043,0.4782608695652174,23.0
ilolangulu water supply,1.0,0.0,0.0,2.0
ilwilo community,0.0,0.0,1.0,1.0
in,0.0,0.25,0.75,4.0
indi,1.0,0.0,0.0,3.0
india,1.0,0.0,0.0,2.0
indiv,1.0,0.0,0.0,1.0
individual,0.5,0.0,0.5,4.0
individuals,0.7307692307692307,0.15384615384615385,0.11538461538461539,26.0
inkinda,0.0,0.0,1.0,1.0
insititutiona,1.0,0.0,0.0,1.0
institution,1.0,0.0,0.0,8.0
institutional,0.0,0.0,1.0,1.0
inter,0.0,0.0,1.0,13.0
internal drainage basin,0.0,0.0,1.0,1.0
international aid services,1.0,0.0,0.0,1.0
inves,0.6666666666666666,0.0,0.3333333333333333,3.0
ir,0.30327868852459017,0.03278688524590164,0.6639344262295082,122.0
iran govern,0.0,0.0,1.0,2.0
irc,0.0,0.5,0.5,2.0
irevea sister,1.0,0.0,0.0,4.0
is,0.8141025641025641,0.0,0.1858974358974359,156.0
isf,0.5481481481481482,0.11851851851851852,0.3333333333333333,135.0
isf / tasaff,1.0,0.0,0.0,1.0
isf and tacare,0.0,1.0,0.0,1.0
isf/government,0.875,0.0625,0.0625,16.0
isf/tacare,0.23076923076923078,0.6153846153846154,0.15384615384615385,13.0
islam,0.5,0.0,0.5,6.0
islamic,0.65,0.05,0.3,20.0
islamic agency tanzania,0.0,0.0,1.0,2.0
islamic community,1.0,0.0,0.0,1.0
issa mohamedi tumwanga,1.0,0.0,0.0,1.0
issaa kanyange,0.0,1.0,0.0,1.0
issac mollel,1.0,0.0,0.0,4.0
itali,1.0,0.0,0.0,2.0
italian government,0.0,0.0,1.0,1.0
italy government,0.6666666666666666,0.3333333333333333,0.0,3.0
iucn,1.0,0.0,0.0,1.0
j lh co ltd,1.0,0.0,0.0,1.0
j mal abdallah,0.0,0.0,1.0,1.0
j. mc,1.0,0.0,0.0,1.0
ja,0.6,0.13333333333333333,0.26666666666666666,15.0
jacks,1.0,0.0,0.0,1.0
jackson mahambo,0.0,0.0,1.0,1.0
jackson makore,1.0,0.0,0.0,1.0
jafary mbaga,1.0,0.0,0.0,1.0
jaica,0.7071129707112971,0.04602510460251046,0.24686192468619247,239.0
jaica co,1.0,0.0,0.0,4.0
jalca,0.0,0.0,1.0,1.0
jandu,0.0,0.0,1.0,1.0
jandu plumber  co,0.4444444444444444,0.1111111111111111,0.4444444444444444,18.0
jandu plumber co,0.6097560975609756,0.024390243902439025,0.36585365853658536,41.0
japan,0.9,0.1,0.0,10.0
japan embassy,1.0,0.0,0.0,3.0
japan government,1.0,0.0,0.0,1.0
jawabu,1.0,0.0,0.0,2.0
jbg,0.6486486486486487,0.16216216216216217,0.1891891891891892,37.0
jeica,0.8333333333333334,0.0,0.16666666666666666,12.0
jerem,1.0,0.0,0.0,1.0
jeshi la wokovu,0.2,0.0,0.8,5.0
jeshi la wokovu [cida],0.0,0.0,1.0,1.0
jhl co ltd,1.0,0.0,0.0,2.0
ji,1.0,0.0,0.0,1.0
jica,0.6524822695035462,0.06382978723404255,0.28368794326241137,141.0
jicks,0.6666666666666666,0.047619047619047616,0.2857142857142857,21.0
jika,0.8076923076923077,0.0,0.19230769230769232,26.0
jiks,1.0,0.0,0.0,1.0
jimmy,0.0,0.0,1.0,1.0
jlh co ltd,1.0,0.0,0.0,4.0
joery magabe,1.0,0.0,0.0,1.0
john gemuta co,1.0,0.0,0.0,1.0
john kiminda co,1.0,0.0,0.0,1.0
john skwese,1.0,0.0,0.0,1.0
joseph nkunda,1.0,0.0,0.0,1.0
jsica,1.0,0.0,0.0,1.0
ju,0.0,0.0,1.0,1.0
judge mchome,1.0,0.0,0.0,2.0
juin,0.25,0.0,0.75,4.0
juin co,0.0,0.0,1.0,25.0
juine co,0.0,0.0,1.0,1.0
juma,1.0,0.0,0.0,1.0
juma makulilo,1.0,0.0,0.0,1.0
juma maro,1.0,0.0,0.0,2.0
juma ndege,1.0,0.0,0.0,1.0
jumaa,0.0,0.0,1.0,1.0
jumanne,1.0,0.0,0.0,1.0
jumanne siabo,1.0,0.0,0.0,1.0
jumuhia,0.0,0.0,1.0,1.0
jumuiya,1.0,0.0,0.0,1.0
justine marwa,1.0,0.0,0.0,1.0
jwtz,1.0,0.0,0.0,1.0
k,0.0,0.0,1.0,2.0
k/primary,0.0,0.0,1.0,1.0
ka,0.391304347826087,0.021739130434782608,0.5869565217391305,46.0
kadp,0.75,0.1,0.15,20.0
kaem,1.0,0.0,0.0,1.0
kaembe,0.3333333333333333,0.6666666666666666,0.0,3.0
kaemp,0.6666666666666666,0.06666666666666667,0.26666666666666666,30.0
kagera mine,1.0,0.0,0.0,1.0
kagulo,0.0,0.0,1.0,1.0
kagunguli secondary,0.0,0.0,1.0,1.0
kahema,1.0,0.0,0.0,1.0
kajima,0.0,0.0,1.0,1.0
kalago enterprises co.ltd,0.0,0.0,1.0,9.0
kalitasi,0.75,0.0,0.25,24.0
kalitesi,1.0,0.0,0.0,1.0
kalta,0.9666666666666667,0.0,0.03333333333333333,30.0
kalugendo,0.0,0.0,1.0,1.0
kalumbwa,0.2222222222222222,0.1111111111111111,0.6666666666666666,9.0
kaluwike,0.0,0.0,1.0,3.0
kamama,0.0,0.0,1.0,1.0
kamata project,1.0,0.0,0.0,1.0
kambi migoko,1.0,0.0,0.0,1.0
kanamama,0.0,0.0,1.0,1.0
kando,1.0,0.0,0.0,1.0
kanisa,1.0,0.0,0.0,7.0
kanisa katoliki,0.8,0.0,0.2,5.0
kanisa la tag,1.0,0.0,0.0,1.0
kanisani,1.0,0.0,0.0,1.0
kapelo,0.0,0.0,1.0,1.0
karugendo,0.6363636363636364,0.0,0.36363636363636365,11.0
karumba biuldin,1.0,0.0,0.0,1.0
karumba biulding company ltd,0.0,0.0,1.0,1.0
karumba biulding contractor,1.0,0.0,0.0,1.0
karumba building company ltd,1.0,0.0,0.0,2.0
kashere,0.0,0.0,1.0,1.0
kashwa,1.0,0.0,0.0,5.0
kassim,1.0,0.0,0.0,1.0
kata,1.0,0.0,0.0,2.0
kauzeni,1.0,0.0,0.0,1.0
kawinga,1.0,0.0,0.0,1.0
kayempu ltd,0.0,0.0,1.0,1.0
kc,0.0,0.0,1.0,1.0
kdc,0.0,0.0,1.0,1.0
kdpa,1.0,0.0,0.0,1.0
kegocha,1.0,0.0,0.0,1.0
kerebuka,1.0,0.0,0.0,3.0
ki,0.4639175257731959,0.05154639175257732,0.4845360824742268,97.0
kibaha town council,1.0,0.0,0.0,3.0
kibo,1.0,0.0,0.0,2.0
kibo potry,1.0,0.0,0.0,1.0
kidijas,1.0,0.0,0.0,1.0
kidika,0.0,0.0,1.0,1.0
kidp,0.4444444444444444,0.19444444444444445,0.3611111111111111,36.0
kigoma municipal,0.5714285714285714,0.0,0.42857142857142855,7.0
kigwa,0.0,0.0,1.0,1.0
kijiji,1.0,0.0,0.0,2.0
kikom,1.0,0.0,0.0,1.0
kilangani co,0.0,0.0,1.0,1.0
kili water,0.8947368421052632,0.0,0.10526315789473684,38.0
kiliflora,0.9230769230769231,0.0,0.07692307692307693,13.0
kilimarondo parish,0.0,0.0,1.0,1.0
kiliwater,0.5428571428571428,0.009523809523809525,0.44761904761904764,210.0
kiliwater r,1.0,0.0,0.0,1.0
kill water,1.0,0.0,0.0,2.0
killflora /community,0.75,0.0,0.25,8.0
killflora/ community,0.5,0.08333333333333333,0.4166666666666667,12.0
kilol,0.0,0.0,1.0,1.0
kilolo star,1.0,0.0,0.0,2.0
kilomber,0.5,0.0,0.5,2.0
kilwa company,0.1111111111111111,0.2222222222222222,0.6666666666666666,9.0
kilwater,0.48,0.04,0.48,25.0
kim kim construction,0.0,0.0,1.0,19.0
kimkum,0.3333333333333333,0.0,0.6666666666666666,6.0
kinapa,0.6,0.4,0.0,5.0
kindoroko water project,0.0,0.0,1.0,1.0
kinga,1.0,0.0,0.0,1.0
kirdep,0.0,0.0,1.0,5.0
kisiriri adp,1.0,0.0,0.0,1.0
kitiangare village community,1.0,0.0,0.0,1.0
kitukuni water supply,1.0,0.0,0.0,1.0
kiuma,0.40625,0.53125,0.0625,32.0
kiwanda cha ngozi,1.0,0.0,0.0,1.0
kizenga,0.0,0.0,1.0,1.0
kk,0.5,0.0,0.5,4.0
kkkt,0.46703296703296704,0.06813186813186813,0.46483516483516485,910.0
kkkt _ konde and dwe,0.5903614457831325,0.0,0.40963855421686746,166.0
kkkt canal,1.0,0.0,0.0,1.0
kkkt church,0.5507246376811594,0.21739130434782608,0.2318840579710145,69.0
kkkt dme,1.0,0.0,0.0,2.0
kkkt katiti juu,1.0,0.0,0.0,1.0
kkkt kilinga,1.0,0.0,0.0,1.0
kkkt leguruki,1.0,0.0,0.0,1.0
kkkt mareu,1.0,0.0,0.0,1.0
kkkt ndrumangeni,0.0,1.0,0.0,1.0
kkkt-dioces ya pare,0.0,0.0,1.0,10.0
kkt,0.7272727272727273,0.0,0.2727272727272727,33.0
kkt c,0.0,0.0,1.0,5.0
kmcl,1.0,0.0,0.0,10.0
kmt,0.6666666666666666,0.0,0.3333333333333333,3.0
ko,0.0,0.0,1.0,2.0
koberg,1.0,0.0,0.0,1.0
koberg contractor,1.0,0.0,0.0,3.0
koica,1.0,0.0,0.0,4.0
kokeni,0.36666666666666664,0.0,0.6333333333333333,30.0
konoike,0.7142857142857143,0.07142857142857142,0.21428571428571427,14.0
korea,0.5,0.0,0.5,2.0
korkonel,1.0,0.0,0.0,1.0
korogwe water works,0.8260869565217391,0.043478260869565216,0.13043478260869565,23.0
kowi,0.0,0.0,1.0,4.0
koyi,0.0,0.0,1.0,1.0
kta c,0.14285714285714285,0.0,0.8571428571428571,7.0
ku,1.0,0.0,0.0,1.0
kuamu,0.7894736842105263,0.0,0.21052631578947367,19.0
kuji foundation,1.0,0.0,0.0,1.0
kumkum,0.0,0.0,1.0,1.0
kurrp,0.0,0.0,1.0,1.0
kuwait,0.4461538461538462,0.020512820512820513,0.5333333333333333,195.0
kuwaiti,1.0,0.0,0.0,1.0
kuwasa,0.15789473684210525,0.0,0.8421052631578947,38.0
kuweit,1.0,0.0,0.0,1.0
kw,1.0,0.0,0.0,1.0
kwamdulu estate,1.0,0.0,0.0,1.0
kwasenenge group,1.0,0.0,0.0,1.0
kwikwiz,0.8,0.1,0.1,10.0
kyariga,1.0,0.0,0.0,2.0
kyasha enterpr,0.5217391304347826,0.30434782608695654,0.17391304347826086,23.0
kyasha entrepr,0.6666666666666666,0.0,0.3333333333333333,3.0
kyela_morogoro,1.0,0.0,0.0,1.0
l,0.0,0.0,1.0,3.0
laizer,1.0,0.0,0.0,1.0
lamp,0.2,0.3,0.5,10.0
laramatak,1.0,0.0,0.0,2.0
latifu,1.0,0.0,0.0,1.0
lawate fuka water su,1.0,0.0,0.0,7.0
lawatefuka water sup,0.9333333333333333,0.0,0.06666666666666667,180.0
lc,1.0,0.0,0.0,1.0
ldep,0.0,0.0,1.0,1.0
lei,1.0,0.0,0.0,1.0
lench,0.0,0.3333333333333333,0.6666666666666666,6.0
leopad abeid,0.0,0.0,1.0,1.0
lga,0.2542372881355932,0.19612590799031476,0.549636803874092,413.0
lgcdg,1.0,0.0,0.0,3.0
lgq,0.0,1.0,0.0,1.0
li,0.0,0.0,1.0,1.0
linda,0.8,0.0,0.2,5.0
lindala co,0.6666666666666666,0.0,0.3333333333333333,3.0
lindi contractor,0.0,0.0,1.0,1.0
lindi rural water department,1.0,0.0,0.0,1.0
lion's,1.0,0.0,0.0,3.0
lion's club,0.0,0.0,1.0,2.0
lions club kilimanjaro,0.0,0.0,1.0,1.0
lips,0.0,0.0,1.0,2.0
liuwassa,1.0,0.0,0.0,2.0
livi,0.8125,0.0,0.1875,16.0
living water international,0.7142857142857143,0.0,0.2857142857142857,14.0
lizad,0.0,0.0,1.0,1.0
local,0.5869565217391305,0.021739130434782608,0.391304347826087,46.0
local  technician,0.5918367346938775,0.0,0.40816326530612246,49.0
local contract,0.5161290322580645,0.0967741935483871,0.3870967741935484,31.0
local fundi,0.5,0.0,0.5,4.0
local l technician,1.0,0.0,0.0,1.0
local te,0.7884615384615384,0.057692307692307696,0.15384615384615385,52.0
local technical,0.0,0.0,1.0,1.0
local technical tec,0.8,0.2,0.0,5.0
local technician,0.7931034482758621,0.0,0.20689655172413793,29.0
local technitian,0.0,0.0,1.0,2.0
locall technician,0.3333333333333333,0.0,0.6666666666666666,3.0
localtechnician,0.0,0.0,1.0,1.0
loliondo parish,0.75,0.0,0.25,4.0
lolmoloki,1.0,0.0,0.0,1.0
lomoloki,0.0,0.0,1.0,1.0
longido sec school,1.0,0.0,0.0,4.0
loocip,1.0,0.0,0.0,1.0
losa-kia water suppl,1.0,0.0,0.0,4.0
losaa-kia water supp,0.9193548387096774,0.0,0.08064516129032258,62.0
losakia water supply,1.0,0.0,0.0,1.0
luali kaima,0.0,0.0,1.0,1.0
luka,0.0,0.0,1.0,1.0
luke samaras ltd,1.0,0.0,0.0,1.0
luleka,0.0,0.0,1.0,1.0
lungwe,0.0,0.0,1.0,1.0
lusajo,0.0,0.0,1.0,1.0
luthe,1.0,0.0,0.0,5.0
lutheran,0.0,0.0,1.0,3.0
lutheran church,0.75,0.08333333333333333,0.16666666666666666,12.0
luwassa,1.0,0.0,0.0,1.0
lva ltd,1.0,0.0,0.0,7.0
lvia,0.35,0.18333333333333332,0.4666666666666667,60.0
lwi,0.7183098591549296,0.19718309859154928,0.08450704225352113,71.0
lwi &central government,1.0,0.0,0.0,1.0
m,1.0,0.0,0.0,1.0
m and p,1.0,0.0,0.0,1.0
ma,0.030303030303030304,0.5757575757575758,0.3939393939393939,33.0
machibya,1.0,0.0,0.0,2.0
mack donald co ltd,1.0,0.0,0.0,1.0
mack donald contractor,0.7142857142857143,0.0,0.2857142857142857,7.0
mack donald contrsctor,1.0,0.0,0.0,1.0
mackd,1.0,0.0,0.0,15.0
madra,0.0,1.0,0.0,1.0
maendeleo ya jamii,0.75,0.0,0.25,4.0
maerere,1.0,0.0,0.0,1.0
magadini makiwaru wa,1.0,0.0,0.0,4.0
magadini-makiwaru wa,0.9771428571428571,0.011428571428571429,0.011428571428571429,175.0
magani,0.0,0.0,1.0,1.0
magige,1.0,0.0,0.0,1.0
magoma adp,1.0,0.0,0.0,1.0
magul,1.0,0.0,0.0,1.0
magutu maro,1.0,0.0,0.0,1.0
mahemba,1.0,0.0,0.0,1.0
mahita,0.0,0.0,1.0,1.0
maishule,1.0,0.0,0.0,1.0
maivaru,1.0,0.0,0.0,1.0
maj mugumu,1.0,0.0,0.0,1.0
maji block,1.0,0.0,0.0,6.0
maji mugumu,0.9444444444444444,0.0,0.05555555555555555,18.0
maji tech,0.25,0.0,0.75,4.0
maji tech construction,1.0,0.0,0.0,4.0
makala,0.0,0.0,1.0,1.0
makama construction,0.0,0.0,1.0,5.0
makanya sisal estate,0.0,1.0,0.0,1.0
make engineering,0.0,0.0,1.0,3.0
makonde,1.0,0.0,0.0,7.0
makonde water population,0.1,0.1,0.8,20.0
makonde water supply,0.25,0.0,0.75,4.0
makori,1.0,0.0,0.0,1.0
makoye,1.0,0.0,0.0,1.0
makundya,1.0,0.0,0.0,1.0
makuru,1.0,0.0,0.0,2.0
makusa,1.0,0.0,0.0,1.0
malec,1.0,0.0,0.0,1.0
males,1.0,0.0,0.0,1.0
maliasili,1.0,0.0,0.0,1.0
malola,0.0,0.0,1.0,1.0
mama agnes kagimbo,1.0,0.0,0.0,1.0
mama hamisa,0.0,0.0,1.0,1.0
mama joela,1.0,0.0,0.0,1.0
mama kalage,0.0,0.0,1.0,1.0
mama kapwapwa,1.0,0.0,0.0,1.0
mamad,0.5384615384615384,0.23076923076923078,0.23076923076923078,13.0
mamaz,1.0,0.0,0.0,1.0
mambe,1.0,0.0,0.0,1.0
mamlaka ya maji ngara,0.7,0.1,0.2,10.0
mamvua kakungu,0.0,0.0,1.0,1.0
mandia construction,1.0,0.0,0.0,1.0
mango tree,0.0,0.0,1.0,1.0
manyara construction,0.5,0.0,0.5,6.0
manyota primary school,1.0,0.0,0.0,1.0
manyovu agriculture institute,1.0,0.0,0.0,1.0
mara inter product,1.0,0.0,0.0,1.0
marafin,0.0,0.0,1.0,1.0
marafip,0.20689655172413793,0.034482758620689655,0.7586206896551724,29.0
marijan ally dadi,0.0,1.0,0.0,1.0
mark,0.0,0.0,1.0,1.0
marke,1.0,0.0,0.0,1.0
maro,1.0,0.0,0.0,2.0
martha emanuel,1.0,0.0,0.0,2.0
marti,0.75,0.0,0.25,4.0
marumbo community,0.0,0.0,1.0,1.0
masai land,1.0,0.0,0.0,1.0
maseka community,1.0,0.0,0.0,1.0
masele nzengula,1.0,0.0,0.0,1.0
masese,1.0,0.0,0.0,1.0
mashaka m,1.0,0.0,0.0,1.0
masjid,0.8,0.0,0.2,5.0
masjid nnre,1.0,0.0,0.0,1.0
masjid takuar,1.0,0.0,0.0,1.0
masu company,1.0,0.0,0.0,1.0
maswi,0.7857142857142857,0.0,0.21428571428571427,14.0
maswi co,1.0,0.0,0.0,2.0
maswi company,0.8095238095238095,0.047619047619047616,0.14285714285714285,21.0
maswi drill,0.6,0.0,0.4,5.0
maswi drilling,0.3333333333333333,0.0,0.6666666666666666,3.0
maswi drilling co ltd,1.0,0.0,0.0,1.0
maswi drilling co. ltd,0.0,0.0,1.0,1.0
mataro,1.0,0.0,0.0,2.0
matiiti,1.0,0.0,0.0,1.0
matogoro,1.0,0.0,0.0,1.0
matyenye,1.0,0.0,0.0,1.0
max mbise,1.0,0.0,0.0,1.0
mayiro,1.0,0.0,0.0,1.0
mazi investment,0.6666666666666666,0.0,0.3333333333333333,3.0
mbeje,0.0,0.0,1.0,1.0
mbiusa,0.0,0.0,1.0,1.0
mbiuwasa,0.7714285714285715,0.02857142857142857,0.2,35.0
mboma,0.16666666666666666,0.0,0.8333333333333334,6.0
mbozi district council,0.25,0.0,0.75,4.0
mbozi hospital,1.0,0.0,0.0,1.0
mbozi secondary school,1.0,0.0,0.0,1.0
mbuli co,1.0,0.0,0.0,2.0
mbulu district council,0.0,0.0,1.0,1.0
mbunge,0.7058823529411765,0.0,0.29411764705882354,17.0
mbusi mwita,1.0,0.0,0.0,1.0
mbuzi mawe,1.0,0.0,0.0,1.0
mbwambo,0.5,0.0,0.5,2.0
mbwiro,1.0,0.0,0.0,1.0
mchina,1.0,0.0,0.0,1.0
mchome,0.0,0.0,1.0,3.0
mchuk,0.6666666666666666,0.0,0.3333333333333333,3.0
md,0.5,0.0,0.5,2.0
mdala contractor,0.875,0.0,0.125,8.0
mdrd_,0.0,0.0,1.0,2.0
mdrdp,0.6309523809523809,0.05952380952380952,0.30952380952380953,84.0
meco,0.0,0.0,1.0,1.0
megis,0.0,0.0,1.0,1.0
mem,0.4,0.0,0.6,5.0
member of perliament ahmed ali,1.0,0.0,0.0,1.0
meru concrete,1.0,0.0,0.0,1.0
methodist church,1.0,0.0,0.0,1.0
mgaya,1.0,0.0,0.0,1.0
mgaya masese,1.0,0.0,0.0,1.0
mgaya mwita,1.0,0.0,0.0,1.0
mgm,0.0,0.0,1.0,5.0
mh kapuya,0.6666666666666666,0.0,0.3333333333333333,3.0
mh.chiza,1.0,0.0,0.0,1.0
mi,0.5384615384615384,0.0,0.46153846153846156,26.0
miab,1.0,0.0,0.0,1.0
mianz,0.0,0.0,1.0,7.0
mida,0.0,0.0,1.0,6.0
milenia,0.5,0.0,0.5,10.0
mileniam,1.0,0.0,0.0,7.0
mileniam project,0.75,0.0,0.25,24.0
milenium,1.0,0.0,0.0,3.0
ministry of education,0.0,0.0,1.0,2.0
ministry of water,0.21428571428571427,0.07142857142857142,0.7142857142857143,14.0
ministry of water engineer,0.7777777777777778,0.0,0.2222222222222222,9.0
ministryof water,0.0,0.0,1.0,4.0
minjingu,0.3333333333333333,0.0,0.6666666666666666,3.0
miomb,0.0,0.0,1.0,3.0
misana george,1.0,0.0,0.0,1.0
misheni,1.0,0.0,0.0,1.0
misri government,0.0,0.0,1.0,1.0
missi,0.6551724137931034,0.022988505747126436,0.3218390804597701,87.0
missio,1.0,0.0,0.0,2.0
mission,0.6461538461538462,0.09230769230769231,0.26153846153846155,130.0
missionaries,1.0,0.0,0.0,1.0
missionary,0.5,0.0,0.5,2.0
miziriol,0.9782608695652174,0.0,0.021739130434782608,46.0
mketo,1.0,0.0,0.0,1.0
mkon construction,0.0,0.0,1.0,1.0
mkong construction,0.0,0.0,1.0,1.0
mkongo building contractor,0.0,0.0,1.0,1.0
mkongo construction,0.0,0.0,1.0,1.0
mkulima,0.0,0.0,1.0,1.0
mkuluku,1.0,0.0,0.0,1.0
mkuyu,0.7647058823529411,0.17647058823529413,0.058823529411764705,17.0
ml appro,0.0,0.18181818181818182,0.8181818181818182,11.0
mlade,0.7391304347826086,0.021739130434782608,0.2391304347826087,46.0
mlaki  co,0.0,0.0,1.0,2.0
mlaki co,0.2857142857142857,0.0,0.7142857142857143,7.0
mmg gold mine,1.0,0.0,0.0,2.0
mohamad masanga,0.0,0.0,1.0,1.0
mohamed ally,0.0,1.0,0.0,1.0
mombo urban  water,1.0,0.0,0.0,1.0
mombo urban water,0.6666666666666666,0.0,0.3333333333333333,3.0
mombo urban water s,0.8,0.0,0.2,5.0
monmali,1.0,0.0,0.0,1.0
moravian,0.0,0.0,1.0,1.0
morning construction,1.0,0.0,0.0,1.0
moroil,0.875,0.0,0.125,8.0
morovi,0.0,0.0,1.0,1.0
morovian,1.0,0.0,0.0,1.0
morovian church,0.5,0.0,0.5,10.0
morrov,1.0,0.0,0.0,1.0
morrovian,1.0,0.0,0.0,1.0
moses,1.0,0.0,0.0,1.0
moshono adp,0.0,0.0,1.0,1.0
mosque,0.6666666666666666,0.0,0.3333333333333333,12.0
mosqure,0.0,0.0,1.0,1.0
motiba manyanya,1.0,0.0,0.0,1.0
moyowosi,1.0,0.0,0.0,1.0
mp,0.0,0.0,1.0,2.0
mp mloka,1.0,0.0,0.0,1.0
mpang,0.9230769230769231,0.0,0.07692307692307693,13.0
mpango wa mwisa,0.0,0.0,1.0,1.0
mr chi,0.0,0.0,1.0,1.0
mr kas,1.0,0.0,0.0,1.0
mr kwi,0.0,0.0,1.0,1.0
mr luo,1.0,0.0,0.0,1.0
mr sau,0.0,0.0,1.0,1.0
mremi contractor,0.0,0.0,1.0,1.0
mrish,0.0,0.0,1.0,1.0
ms,0.42857142857142855,0.0,0.5714285714285714,7.0
msabi,0.8484848484848485,0.030303030303030304,0.12121212121212122,33.0
msagin,0.0,1.0,0.0,1.0
msf,0.3333333333333333,0.6,0.06666666666666667,15.0
msf/tacare,0.5384615384615384,0.46153846153846156,0.0,13.0
msig,1.0,0.0,0.0,1.0
msigwa,1.0,0.0,0.0,1.0
msiki,0.5,0.0,0.5,2.0
msikit,0.0,0.0,1.0,4.0
msikiti,0.25,0.0,0.75,12.0
msikitini,0.0,0.0,1.0,1.0
msji mugumu,1.0,0.0,0.0,1.0
msuba,0.0,0.0,1.0,1.0
msudi,1.0,0.0,0.0,1.0
msukwa construction company,0.0,0.0,1.0,1.0
mtambo,0.0,0.0,1.0,1.0
mtc,1.0,0.0,0.0,2.0
mtewe,0.0,0.0,1.0,1.0
mtn,0.12307692307692308,0.0,0.8769230769230769,65.0
mtui,0.0,0.0,1.0,1.0
mtuwasa,0.782608695652174,0.043478260869565216,0.17391304347826086,23.0
mtuwasa and community,1.0,0.0,0.0,3.0
mtwara technician,1.0,0.0,0.0,1.0
mu,0.0,0.0,1.0,1.0
muham,0.5,0.0,0.5,2.0
muhindi,1.0,0.0,0.0,1.0
muhochi kissaka,1.0,0.0,0.0,1.0
mungaya,1.0,0.0,0.0,1.0
municipal,1.0,0.0,0.0,2.0
municipal council,1.0,0.0,0.0,1.0
muniko,1.0,0.0,0.0,1.0
musa,0.6,0.0,0.4,5.0
muslimehefen international,0.0,0.0,1.0,1.0
muslims,0.6666666666666666,0.16666666666666666,0.16666666666666666,6.0
muslimu society(shia),0.0,0.0,1.0,1.0
muwasa,0.6060606060606061,0.21212121212121213,0.18181818181818182,33.0
muwaza,1.0,0.0,0.0,1.0
muwsa,0.7102803738317757,0.0,0.2897196261682243,107.0
mviwa,0.8461538461538461,0.15384615384615385,0.0,13.0
mw,0.0,0.0,1.0,14.0
mwakabalula,1.0,0.0,0.0,1.0
mwakalinga,0.0,0.0,1.0,1.0
mwaki contracto,1.0,0.0,0.0,1.0
mwaki contractor,1.0,0.0,0.0,3.0
mwakifuna,0.0,0.0,1.0,1.0
mwalimu  muhenza,1.0,0.0,0.0,1.0
mwalimu  muhenzi,1.0,0.0,0.0,1.0
mwamama,1.0,0.0,0.0,1.0
mwamvita rajabu,0.0,0.0,1.0,1.0
mwanamisi ally,0.0,0.0,1.0,1.0
mwananchi engineeri,0.0,0.0,1.0,1.0
mwanga town water authority,0.75,0.0,0.25,4.0
mwanza,0.0,0.0,1.0,1.0
mwe,0.4713375796178344,0.01910828025477707,0.5095541401273885,157.0
mwe &,0.275,0.175,0.55,40.0
mwigicho,1.0,0.0,0.0,2.0
mwita,1.0,0.0,0.0,1.0
mwita kichere,1.0,0.0,0.0,1.0
mwita lucas,1.0,0.0,0.0,1.0
mwita machoa,1.0,0.0,0.0,1.0
mwita mahiti,1.0,0.0,0.0,1.0
mwita muremi,1.0,0.0,0.0,2.0
mwl ngassa,1.0,0.0,0.0,1.0
mwl. nyerere sec. school,1.0,0.0,0.0,1.0
mwl. nyerere sec.school,1.0,0.0,0.0,1.0
mwl.mwita,1.0,0.0,0.0,1.0
mws,0.42857142857142855,0.14285714285714285,0.42857142857142855,7.0
mzee mabena,0.0,1.0,0.0,1.0
mzee omari,1.0,0.0,0.0,1.0
mzee salum bakari darus,0.0,1.0,0.0,1.0
mzee smith,0.0,0.0,1.0,1.0
mzee waziri tajari,0.0,0.0,1.0,1.0
mzee yassin naya,1.0,0.0,0.0,1.0
mzinga a,1.0,0.0,0.0,9.0
mzung,1.0,0.0,0.0,2.0
mzungu,1.0,0.0,0.0,1.0
mzungu paul,0.0,0.0,1.0,6.0
n.p.r.,0.0,0.0,1.0,2.0
nafco,0.0,0.0,1.0,1.0
naishu construction co. ltd,0.8235294117647058,0.0,0.17647058823529413,17.0
naishu construction co.ltd,0.0,0.0,1.0,1.0
nampapanga,1.0,0.0,0.0,2.0
nampopanga,1.0,0.0,0.0,2.0
namungo,1.0,0.0,0.0,1.0
nandra construction,0.0,0.0,1.0,14.0
nanra contractor,0.0,0.0,1.0,6.0
napupanga,1.0,0.0,0.0,1.0
nasan workers,0.0,0.0,1.0,1.0
nassan workers,0.0,0.0,1.0,1.0
nassor fehed,0.0,0.0,1.0,3.0
nathal hamadi,0.0,0.0,1.0,1.0
natio,1.0,0.0,0.0,1.0
ncaa,0.5555555555555556,0.1746031746031746,0.2698412698412698,63.0
nchagwa,1.0,0.0,0.0,2.0
ndanda missions,0.0,0.0,1.0,22.0
nddp,0.0,0.0,1.0,2.0
ndm,0.0,0.0,1.0,1.0
ndrdp,0.0,1.0,0.0,1.0
nduku village,0.0,0.0,1.0,3.0
neemia mission,1.0,0.0,0.0,2.0
nerthlands,0.0,0.0,1.0,1.0
netherlands,0.0,0.0,1.0,1.0
ng,0.3333333333333333,0.0,0.6666666666666666,3.0
ng'omango,1.0,0.0,0.0,1.0
ngelepo group,1.0,0.0,0.0,1.0
nginil,0.0,0.0,1.0,1.0
ngiresi village community,1.0,0.0,0.0,3.0
ngo,1.0,0.0,0.0,1.0
ngo's,1.0,0.0,0.0,1.0
nice,0.8,0.0,0.2,10.0
niger,0.0,0.0,1.0,2.0
nimrod mkono[mb],0.0,0.0,1.0,1.0
nirad,1.0,0.0,0.0,2.0
njoonjoo,1.0,0.0,0.0,1.0
njula,0.0,0.0,1.0,1.0
nmdc india,0.0,0.0,1.0,1.0
no,0.2222222222222222,0.3333333333333333,0.4444444444444444,9.0
nora,0.2857142857142857,0.047619047619047616,0.6666666666666666,21.0
norad,0.4305555555555556,0.12777777777777777,0.44166666666666665,360.0
norad/,0.3333333333333333,0.16666666666666666,0.5,6.0
norani,0.0,0.0,1.0,1.0
north,0.5,0.0,0.5,2.0
noshad,0.0,0.0,1.0,1.0
noshadi,0.0,0.0,1.0,1.0
not kno,0.0,1.0,0.0,1.0
not known,0.5609756097560976,0.024390243902439025,0.4146341463414634,41.0
ns,0.3333333333333333,0.0,0.6666666666666666,3.0
nsc,0.0,0.5,0.5,2.0
nssf,1.0,0.0,0.0,1.0
nu,0.0,0.0,1.0,1.0
null,0.5471956224350205,0.12038303693570451,0.332421340629275,3655.0
nyabarongo kegoro,1.0,0.0,0.0,1.0
nyabibuye islamic center,0.0,1.0,0.0,1.0
nyabweta,1.0,0.0,0.0,1.0
nyahale,1.0,0.0,0.0,1.0
nyakaho mwita,1.0,0.0,0.0,1.0
nyakilangani,0.0,0.0,1.0,2.0
nyakilangani  co,1.0,0.0,0.0,1.0
nyakilangani co,0.5217391304347826,0.043478260869565216,0.43478260869565216,23.0
nyakilangani construction,0.6666666666666666,0.0,0.3333333333333333,3.0
nyakilanganyi,0.0,0.0,1.0,1.0
nyamasagi,1.0,0.0,0.0,1.0
nyamingu subvillage,0.0,0.0,1.0,1.0
nyamongo gold mining,1.0,0.0,0.0,4.0
nyamwanji,1.0,0.0,0.0,1.0
nyangere,1.0,0.0,0.0,1.0
nyanza road,1.0,0.0,0.0,1.0
nyeisa,1.0,0.0,0.0,1.0
nyitamboka,1.0,0.0,0.0,1.0
nzila,1.0,0.0,0.0,1.0
o,1.0,0.0,0.0,1.0
o &,0.0,0.0,1.0,1.0
obadia,0.0,0.0,1.0,1.0
obc,0.4,0.0,0.6,5.0
oda,1.0,0.0,0.0,1.0
oikos,1.0,0.0,0.0,3.0
oikos e .africa,0.9375,0.0,0.0625,80.0
oikos e africa,1.0,0.0,0.0,3.0
oikos e. africa,1.0,0.0,0.0,6.0
oikos e.africa,1.0,0.0,0.0,4.0
oikos e.afrika,1.0,0.0,0.0,5.0
okong'o,0.0,0.0,1.0,1.0
ola,0.0,0.0,1.0,4.0
oldadai village community,0.6666666666666666,0.0,0.3333333333333333,3.0
oldonyolengai,0.0,0.0,1.0,4.0
olgilai village community,0.6428571428571429,0.0,0.35714285714285715,14.0
olomoloki,1.0,0.0,0.0,1.0
ols,0.0,0.0,1.0,1.0
omar ally,0.0,0.0,1.0,1.0
omar rafael,1.0,0.0,0.0,1.0
omari mzee,0.0,0.0,1.0,1.0
omary mona,1.0,0.0,0.0,1.0
onesm,1.0,0.0,0.0,2.0
ongan,1.0,0.0,0.0,1.0
orien,1.0,0.0,0.0,19.0
orphanage,1.0,0.0,0.0,1.0
others,0.0,1.0,0.0,1.0
othod,1.0,0.0,0.0,1.0
overland high school,0.0,0.0,1.0,1.0
ox,1.0,0.0,0.0,1.0
oxfam,0.5726495726495726,0.18803418803418803,0.23931623931623933,234.0
oxfarm,0.4479166666666667,0.21875,0.3333333333333333,96.0
p,0.631578947368421,0.2631578947368421,0.10526315789473684,19.0
p.n.r.,0.0,0.0,1.0,2.0
pad,1.0,0.0,0.0,3.0
padep,0.45454545454545453,0.12121212121212122,0.42424242424242425,33.0
paffec,1.0,0.0,0.0,1.0
pankrasi,1.0,0.0,0.0,1.0
panone,1.0,0.0,0.0,1.0
part,1.0,0.0,0.0,3.0
paskali,0.0,0.0,1.0,1.0
pata,1.0,0.0,0.0,5.0
patrick nyanzwi,1.0,0.0,0.0,1.0
patuu,0.0,0.25,0.75,4.0
paul,1.0,0.0,0.0,1.0
pci,0.375,0.0,0.625,8.0
pentecost church,0.0,0.0,1.0,1.0
pentecosta,1.0,0.0,0.0,1.0
pentecostal church,0.0,1.0,0.0,1.0
pentekoste,1.0,0.0,0.0,1.0
people from egypt,1.0,0.0,0.0,1.0
people p,0.75,0.0,0.25,4.0
perusi bhoke,1.0,0.0,0.0,1.0
pet,0.4166666666666667,0.041666666666666664,0.5416666666666666,24.0
pet  corporation  ltd,0.0,0.0,1.0,1.0
pet coporation ltd,0.0,0.0,1.0,1.0
pet corporation ltd,0.0,0.0,1.0,14.0
peter,0.0,0.0,1.0,1.0
peter mayiro,1.0,0.0,0.0,1.0
petro patrice,1.0,0.0,0.0,1.0
phase,0.0,0.0,1.0,13.0
pidp,0.2727272727272727,0.0,0.7272727272727273,11.0
piscop,1.0,0.0,0.0,1.0
pit cooperation  ltd,0.75,0.25,0.0,8.0
pius charles,0.0,1.0,0.0,1.0
plan int,0.631578947368421,0.05263157894736842,0.3157894736842105,19.0
plan internationa,0.6304347826086957,0.043478260869565216,0.32608695652173914,46.0
plan international,0.6,0.2,0.2,5.0
plan tanzania,0.6666666666666666,0.0,0.3333333333333333,3.0
pmo,0.0,0.5,0.5,2.0
pnr co,0.0,0.0,1.0,1.0
pnr da,0.0,0.0,1.0,1.0
po,0.6896551724137931,0.034482758620689655,0.27586206896551724,29.0
pori la akiba kigosi,0.0,0.0,1.0,1.0
pr,0.9056603773584906,0.0,0.09433962264150944,53.0
presadom,0.3333333333333333,0.0,0.6666666666666666,3.0
prf,1.0,0.0,0.0,12.0
prima,0.0,0.0,1.0,1.0
primo,1.0,0.0,0.0,1.0
prince medium school,0.0,0.0,1.0,1.0
priv,1.0,0.0,0.0,1.0
priva,0.8703703703703703,0.018518518518518517,0.1111111111111111,54.0
privat,1.0,0.0,0.0,1.0
private,0.7654320987654321,0.030864197530864196,0.2037037037037037,162.0
private company,0.0,0.0,1.0,1.0
private individuals,0.0,0.0,1.0,1.0
private institutions,1.0,0.0,0.0,1.0
private owned,1.0,0.0,0.0,1.0
private person,0.0,0.0,1.0,1.0
private technician,1.0,0.0,0.0,1.0
prof. saluati,1.0,0.0,0.0,1.0
pump entecostal sweeden,1.0,0.0,0.0,1.0
pwd,1.0,0.0,0.0,1.0
q-sem ltd,0.5,0.5,0.0,2.0
quick win project,0.5,0.0,0.5,4.0
quick win project /council,0.0,0.0,1.0,1.0
quick win/halmashauri,0.0,0.0,1.0,1.0
quickwins,0.0,0.0,1.0,1.0
quik,0.0,1.0,0.0,3.0
qukwin,0.0,0.0,1.0,1.0
quwkwin,0.47058823529411764,0.0,0.5294117647058824,17.0
qwick win,0.0,0.0,1.0,1.0
qwickwin,0.23076923076923078,0.0,0.7692307692307693,13.0
r,1.0,0.0,0.0,1.0
r.c,0.75,0.0,0.25,4.0
railway,0.5,0.5,0.0,2.0
ramadhani m. mvugalo,0.0,0.0,1.0,1.0
ramadhani nyambizi,0.0,0.0,1.0,1.0
raramataki,1.0,0.0,0.0,1.0
rashid mahongwe,0.0,0.0,1.0,1.0
rashid seng'ombe,0.0,0.0,1.0,1.0
raurensia,1.0,0.0,0.0,1.0
raymond ekura,1.0,0.0,0.0,1.0
rc,0.8757062146892656,0.022598870056497175,0.1016949152542373,177.0
rc .church,1.0,0.0,0.0,1.0
rc c,0.5833333333333334,0.0,0.4166666666666667,12.0
rc cathoric,0.0,1.0,0.0,3.0
rc ch,0.8421052631578947,0.017543859649122806,0.14035087719298245,57.0
rc churc,0.7142857142857143,0.0,0.2857142857142857,14.0
rc church,0.7549019607843137,0.0784313725490196,0.16666666666666666,204.0
rc church brother,1.0,0.0,0.0,1.0
rc church/cefa,1.0,0.0,0.0,1.0
rc church/central gover,0.5714285714285714,0.14285714285714285,0.2857142857142857,14.0
rc mi,0.0,0.0,1.0,1.0
rc mis,0.0,1.0,0.0,1.0
rc mission,0.6666666666666666,0.3333333333333333,0.0,3.0
rc missionary,1.0,0.0,0.0,1.0
rc msufi,0.0,1.0,0.0,1.0
rc njoro,1.0,0.0,0.0,1.0
rc/mission,1.0,0.0,0.0,5.0
rcchurch/cefa,0.38095238095238093,0.047619047619047616,0.5714285714285714,21.0
rdc,0.14545454545454545,0.0,0.8545454545454545,55.0
rddc,0.0,0.0,1.0,1.0
rdws,0.0,0.0,1.0,1.0
re,0.6666666666666666,0.0,0.3333333333333333,6.0
recoda,0.0,0.0,1.0,1.0
red cross,0.38095238095238093,0.3333333333333333,0.2857142857142857,42.0
redap,0.0,0.0,1.0,2.0
redep,0.5,0.0,0.5,10.0
redeso,0.75,0.0,0.25,8.0
regina group,1.0,0.0,0.0,1.0
region water,0.0,0.0,1.0,1.0
region water department,0.01282051282051282,0.01282051282051282,0.9743589743589743,78.0
regional water,0.0,0.0,1.0,15.0
regional water engineer arusha,0.3333333333333333,0.4444444444444444,0.2222222222222222,9.0
regwa,1.0,0.0,0.0,1.0
regwa company,0.0,0.5,0.5,2.0
regwa company of egpty,0.5,0.0,0.5,2.0
regwa company of egypt,0.5,0.0,0.5,2.0
resolute,0.5,0.0,0.5,2.0
resolute mining,1.0,0.0,0.0,1.0
rhobi,0.4642857142857143,0.0,0.5357142857142857,28.0
rhobi wamburs,1.0,0.0,0.0,1.0
rhoda,0.0,0.0,1.0,8.0
richard m.kyore,1.0,0.0,0.0,1.0
ridep,0.25,0.0,0.75,24.0
rilayo water project,0.0,1.0,0.0,1.0
rips,0.2,0.0,0.8,10.0
rished,0.0,0.0,1.0,5.0
ro,1.0,0.0,0.0,1.0
robert kampala,0.0,0.0,1.0,1.0
robert mosi,1.0,0.0,0.0,1.0
roma,0.5,0.0,0.5,2.0
romam,1.0,0.0,0.0,1.0
roman,0.6063829787234043,0.07446808510638298,0.3191489361702128,94.0
roman ca,0.75,0.25,0.0,4.0
roman catholic,0.7777777777777778,0.1111111111111111,0.1111111111111111,9.0
roman catholic rulenge diocese,0.5555555555555556,0.2222222222222222,0.2222222222222222,9.0
roman cathoric -kilomeni,0.875,0.125,0.0,8.0
roman cathoric -same,0.0,0.0,1.0,2.0
roman cathoric same,0.875,0.125,0.0,8.0
roman church,0.0,0.0,1.0,14.0
rombo dalta,1.0,0.0,0.0,3.0
rombo delta,1.0,0.0,0.0,1.0
rotar,0.0,0.5,0.5,2.0
rotary club,0.7222222222222222,0.1111111111111111,0.16666666666666666,18.0
rotary club australia,1.0,0.0,0.0,1.0
rotary club kitchener,1.0,0.0,0.0,1.0
rotary club of chico and moshi,1.0,0.0,0.0,1.0
rotary club of usa and moshi,1.0,0.0,0.0,1.0
rotery c,1.0,0.0,0.0,1.0
rotte,1.0,0.0,0.0,3.0
rps,0.0,0.0,1.0,1.0
rssp,0.5,0.0,0.5,2.0
ruangwa contractor,0.25,0.25,0.5,4.0
rude,0.2857142857142857,0.0,0.7142857142857143,7.0
rudep,0.3333333333333333,0.2222222222222222,0.4444444444444444,9.0
rudep/,0.2,0.0,0.8,10.0
rudri,1.0,0.0,0.0,1.0
rundaga,0.8,0.2,0.0,5.0
rundu man,0.7142857142857143,0.0,0.2857142857142857,7.0
runduman,0.4,0.0,0.6,5.0
rural,0.3333333333333333,0.3333333333333333,0.3333333333333333,3.0
rural drinking water supply,0.0,0.0,1.0,3.0
rural drinkung water supply,0.0,0.0,1.0,1.0
rural water supply,0.75,0.0,0.25,4.0
rusumo game reserve,0.0,0.0,1.0,1.0
ruthe,0.4375,0.0,0.5625,16.0
ruvuma basin,0.0,0.0,1.0,3.0
rw,0.2857142857142857,0.0,0.7142857142857143,14.0
rwe,0.25207296849087896,0.11359867330016583,0.6343283582089553,1206.0
rwe /community,0.6666666666666666,0.0,0.3333333333333333,15.0
rwe community,1.0,0.0,0.0,2.0
rwe/ community,0.8571428571428571,0.0,0.14285714285714285,7.0
rwe/community,1.0,0.0,0.0,7.0
rwe/dwe,0.09615384615384616,0.057692307692307696,0.8461538461538461,52.0
rwe/tcrs,0.0,0.0,1.0,1.0
rwedwe,0.0,0.0,1.0,1.0
rwet/wesa,0.0,0.0,1.0,1.0
rwi,1.0,0.0,0.0,1.0
rwsp,0.7692307692307693,0.0,0.23076923076923078,13.0
rwssp,0.6510067114093959,0.03355704697986577,0.31543624161073824,149.0
s,1.0,0.0,0.0,2.0
s.p.c pre-primary school,1.0,0.0,0.0,1.0
sa,1.0,0.0,0.0,1.0
sabodo,0.5909090909090909,0.0,0.4090909090909091,22.0
sacso,1.0,0.0,0.0,3.0
sadiki kangelo,0.0,1.0,0.0,1.0
safari camp,1.0,0.0,0.0,1.0
safari roya,1.0,0.0,0.0,1.0
safe rescue ltd,0.0,0.0,1.0,1.0
sagaswe,1.0,0.0,0.0,1.0
said hashim,0.0,0.0,1.0,1.0
said omari,0.0,0.0,1.0,1.0
saidi co,1.0,0.0,0.0,1.0
saidi halfani,0.0,0.0,1.0,1.0
sakwidi,1.0,0.0,0.0,1.0
salamu kita,1.0,0.0,0.0,1.0
saleh zaharani,0.0,0.0,1.0,4.0
salehe,0.0,0.0,1.0,1.0
salum tambalizeni,1.0,0.0,0.0,1.0
samsoni,1.0,0.0,0.0,1.0
samwel,1.0,0.0,0.0,1.0
samweli,1.0,0.0,0.0,1.0
samweli kitana,1.0,0.0,0.0,1.0
sangea district coun,0.42857142857142855,0.0,0.5714285714285714,7.0
sanje wa,0.8333333333333334,0.16666666666666666,0.0,6.0
sao,1.0,0.0,0.0,14.0
sauwasa,0.5714285714285714,0.14285714285714285,0.2857142857142857,7.0
save the rain,0.8571428571428571,0.0,0.14285714285714285,7.0
save the rain usa,1.0,0.0,0.0,21.0
saxon,0.6923076923076923,0.0,0.3076923076923077,13.0
saxon  building contractor,0.0,0.0,1.0,1.0
saxon building contractor,0.0,0.0,1.0,7.0
saxon building contractors,0.0,0.0,1.0,1.0
scholastica pankrasi,1.0,0.0,0.0,1.0
schoo,1.0,0.0,0.0,2.0
school,0.75,0.25,0.0,4.0
school adm9nstrarion,1.0,0.0,0.0,1.0
school adminstrarion,1.0,0.0,0.0,1.0
scott,0.8333333333333334,0.0,0.16666666666666666,6.0
sda,0.9375,0.0,0.0625,16.0
sda church,1.0,0.0,0.0,1.0
sdp,0.0,0.0,1.0,1.0
secondary,0.8333333333333334,0.0,0.16666666666666666,12.0
secondary school,0.8333333333333334,0.16666666666666666,0.0,6.0
seff mtambo,0.0,0.0,1.0,1.0
segera estate,1.0,0.0,0.0,1.0
seif ndago,0.0,0.0,1.0,1.0
sekei village community,1.0,0.0,0.0,20.0
sekondari,1.0,0.0,0.0,1.0
seleman masoud,1.0,0.0,0.0,1.0
selepta,1.0,0.0,0.0,1.0
selikali,1.0,0.0,0.0,2.0
selous g,0.3333333333333333,0.0,0.6666666666666666,3.0
sema,0.7550200803212851,0.05622489959839357,0.18875502008032127,249.0
sema co ltd,0.8571428571428571,0.0,0.14285714285714285,7.0
sema consultant,0.0,0.0,1.0,1.0
senapa,0.0,0.5,0.5,2.0
sengerema water department,0.46788990825688076,0.0,0.5321100917431193,218.0
sent tho,1.0,0.0,0.0,1.0
seram,0.0,0.0,1.0,1.0
serena,1.0,0.0,0.0,2.0
serengeti district concil,0.5,0.0,0.5,4.0
serens,1.0,0.0,0.0,1.0
serikali,0.56,0.0,0.44,25.0
serikali ya kijiji,0.7,0.0,0.3,10.0
serikari,0.0,1.0,0.0,1.0
seronera,1.0,0.0,0.0,1.0
sh,1.0,0.0,0.0,1.0
shallow well,0.0,0.0,1.0,1.0
shamte said,0.0,0.0,1.0,1.0
shawasa,0.5333333333333333,0.0,0.4666666666666667,45.0
shekhe,0.0,0.0,1.0,1.0
shelisheli commission,0.0,0.0,1.0,1.0
shingida yetu,1.0,0.0,0.0,1.0
ship,1.0,0.0,0.0,2.0
shipo,0.759656652360515,0.012875536480686695,0.22746781115879827,233.0
shipo constructors,1.0,0.0,0.0,1.0
shule,0.875,0.125,0.0,16.0
shule ya msingi,0.0,1.0,0.0,1.0
shule ya msingi ufala,0.0,0.0,1.0,1.0
shule ya sekondari ipuli,0.0,0.0,1.0,1.0
shuwasa,0.5,0.0,0.5,6.0
shy builders,0.7567567567567568,0.0,0.24324324324324326,37.0
si,0.0,0.0,1.0,33.0
sia ltd,0.6428571428571429,0.2857142857142857,0.07142857142857142,14.0
sida,0.0,0.0,1.0,3.0
sijm,0.2,0.0,0.8,10.0
simango kihengu,1.0,0.0,0.0,1.0
simavi,0.6666666666666666,0.0,0.3333333333333333,3.0
simba,1.0,0.0,0.0,1.0
simba co,1.0,0.0,0.0,7.0
simba lodge,1.0,0.0,0.0,1.0
simon lusambi,0.0,0.0,1.0,1.0
singasinga,0.0,0.0,1.0,3.0
singida  yetu,1.0,0.0,0.0,1.0
singida general  supplies  ltd,0.0,0.1111111111111111,0.8888888888888888,9.0
singida yetu,0.7619047619047619,0.047619047619047616,0.19047619047619047,21.0
sipdo,0.0,0.0,1.0,1.0
sisal estste hale,1.0,0.0,0.0,1.0
sister makulata,1.0,0.0,0.0,1.0
siza mayengo,1.0,0.0,0.0,1.0
socie,1.0,0.0,0.0,1.0
solidame,0.4888888888888889,0.0,0.5111111111111111,45.0
solidarm,1.0,0.0,0.0,1.0
soliderm,0.5,0.0,0.5,2.0
songa,0.4,0.0,0.6,10.0
songas,0.09090909090909091,0.0,0.9090909090909091,11.0
songea district coun,0.6666666666666666,0.0,0.3333333333333333,6.0
sophia wazir,0.0,0.0,1.0,1.0
sowasa,0.42105263157894735,0.0,0.5789473684210527,19.0
spar drilling,1.0,0.0,0.0,1.0
ssu,1.0,0.0,0.0,1.0
st,0.9444444444444444,0.05555555555555555,0.0,54.0
st elizabeth majengo,0.0,0.0,1.0,1.0
st gasper,1.0,0.0,0.0,1.0
st magreth church,1.0,0.0,0.0,1.0
st ph,1.0,0.0,0.0,5.0
stabex,1.0,0.0,0.0,1.0
staford higima,0.0,0.0,1.0,1.0
stampers,1.0,0.0,0.0,3.0
stansilaus,1.0,0.0,0.0,2.0
stephano,1.0,0.0,0.0,1.0
stephano paulo,1.0,0.0,0.0,1.0
steven nyangarika,1.0,0.0,0.0,1.0
sua,1.0,0.0,0.0,2.0
subvillage,1.0,0.0,0.0,1.0
suleman idd,1.0,0.0,0.0,10.0
sumbaw,0.7058823529411765,0.0,0.29411764705882354,17.0
summit for water/community,1.0,0.0,0.0,7.0
sumo,0.0,0.0,1.0,1.0
sumry,0.0,1.0,0.0,1.0
sunamco,0.0,0.0,1.0,1.0
suwasa,0.5,0.0,0.5,10.0
sw,0.0,0.3333333333333333,0.6666666666666666,3.0
swalehe rajabu,1.0,0.0,0.0,1.0
sweeden,0.0,0.0,1.0,1.0
swiss if,0.7931034482758621,0.0,0.20689655172413793,29.0
t,0.5,0.0,0.5,4.0
t. n. karugendo,0.6,0.0,0.4,5.0
ta,0.4782608695652174,0.08695652173913043,0.43478260869565216,23.0
taasi,1.0,0.0,0.0,1.0
taboma/community,1.0,0.0,0.0,1.0
tabora municipal council,0.25,0.0,0.75,4.0
tabraki,1.0,0.0,0.0,5.0
tacri,1.0,0.0,0.0,1.0
tadeo,1.0,0.0,0.0,1.0
taees,1.0,0.0,0.0,1.0
taes,1.0,0.0,0.0,1.0
tag,0.7,0.0,0.3,10.0
tag church,0.6666666666666666,0.0,0.3333333333333333,3.0
tag patmo's,1.0,0.0,0.0,2.0
tahea,0.4,0.06666666666666667,0.5333333333333333,15.0
taipo,1.0,0.0,0.0,1.0
tajiri jumbe lila,0.0,0.0,1.0,1.0
tan plant ltd,0.84,0.12,0.04,25.0
tanap,0.4,0.0,0.6,5.0
tanapa,0.5945945945945946,0.13513513513513514,0.2702702702702703,37.0
tanas,1.0,0.0,0.0,3.0
tancan,0.0,0.0,1.0,1.0
tancro,0.0,1.0,0.0,1.0
tanedaps society,1.0,0.0,0.0,1.0
tanesco,1.0,0.0,0.0,3.0
tanga cement,1.0,0.0,0.0,1.0
tanganyika basin,0.5,0.0,0.5,2.0
tanload,0.0,1.0,0.0,1.0
tanroad,0.3333333333333333,0.0,0.6666666666666666,3.0
tansi,0.0,0.0,1.0,1.0
tanz,0.6470588235294118,0.0,0.35294117647058826,17.0
tanz egypt technical coopera,0.3333333333333333,0.0,0.6666666666666666,3.0
tanz/egypt technical coopera,0.0,0.0,1.0,1.0
tanza,1.0,0.0,0.0,1.0
tanzakesho,0.25,0.5,0.25,4.0
tanzania,0.8,0.0,0.2,5.0
tanzania egypt technical co op,1.0,0.0,0.0,1.0
tanzania government,0.5294117647058824,0.0,0.47058823529411764,34.0
tanzania/ egypt,0.0,0.0,1.0,1.0
tanzanian government,0.0,0.0,1.0,4.0
tarangire park,1.0,0.0,0.0,1.0
tardo,0.7398373983739838,0.17886178861788618,0.08130081300813008,123.0
tareto,1.0,0.0,0.0,1.0
tasa,0.5,0.5,0.0,2.0
tasaf,0.5790754257907542,0.06569343065693431,0.35523114355231145,411.0
tasaf 1,0.0,0.0,1.0,1.0
tasaf and comunity,0.0,1.0,0.0,1.0
tasaf and lga,1.0,0.0,0.0,1.0
tasaf and mmem,1.0,0.0,0.0,1.0
tasaf/,0.4,0.0,0.6,5.0
tasaf/dmdd,0.9411764705882353,0.0,0.058823529411764705,17.0
tasaf/tlc,1.0,0.0,0.0,1.0
tasafcitizen and lga,1.0,0.0,0.0,1.0
tasf,1.0,0.0,0.0,1.0
tassaf,0.625,0.125,0.25,64.0
tassaf /tcrs,1.0,0.0,0.0,3.0
tassaf/ tcrs,1.0,0.0,0.0,1.0
tassaf/tcrs,1.0,0.0,0.0,1.0
tawasa,0.64,0.0,0.36,25.0
tbl,1.0,0.0,0.0,1.0
tcrs,0.4101838755304102,0.0594059405940594,0.5304101838755304,707.0
tcrs /care,0.75,0.0,0.25,4.0
tcrs /dwe,1.0,0.0,0.0,1.0
tcrs /government,0.6666666666666666,0.3333333333333333,0.0,3.0
tcrs /twesa,0.0,0.0,1.0,2.0
tcrs a,0.0,0.0,1.0,1.0
tcrs kibondo,0.25,0.0,0.75,4.0
tcrs twesa,0.0,0.0,1.0,1.0
tcrs.tlc,1.0,0.0,0.0,1.0
tcrs/ tassaf,1.0,0.0,0.0,1.0
tcrs/ twesa,1.0,0.0,0.0,1.0
tcrs/care,1.0,0.0,0.0,1.0
tcrs/dwe,1.0,0.0,0.0,1.0
tcrs/tlc,0.5,0.0,0.5,4.0
tcrs/twesa,1.0,0.0,0.0,1.0
tcrs/village community,0.0,0.0,1.0,1.0
tdft,0.42857142857142855,0.023809523809523808,0.5476190476190477,42.0
te,1.0,0.0,0.0,1.0
team rafiki,0.0,0.0,1.0,1.0
tech support best co,1.0,0.0,0.0,1.0
tempo,0.5,0.0,0.5,2.0
teonas wambura,1.0,0.0,0.0,1.0
ter,0.0,0.0,1.0,1.0
teresa munyama,1.0,0.0,0.0,1.0
tgt,1.0,0.0,0.0,1.0
tgts,0.5,0.25,0.25,4.0
the co,0.0,0.0,1.0,1.0
the desk and chair foundat,0.7096774193548387,0.0,0.2903225806451613,31.0
the i,0.9333333333333333,0.06666666666666667,0.0,15.0
the isla,0.9230769230769231,0.0,0.07692307692307693,13.0
theo,0.0,0.0,1.0,1.0
thomasi busigaye,0.0,0.0,1.0,1.0
three way german,1.0,0.0,0.0,1.0
tina/africare,0.0,0.0,1.0,1.0
tlc,0.4727272727272727,0.01818181818181818,0.509090909090909,55.0
tlc/community,0.0,0.0,1.0,1.0
tlc/emmanuel kasoga,0.0,0.0,1.0,1.0
tlc/jenus malecha,0.0,0.0,1.0,1.0
tlc/john majala,1.0,0.0,0.0,2.0
tlc/nyengesa masanja,0.0,0.0,1.0,1.0
tlc/samora,0.0,0.0,1.0,1.0
tlc/seleman mang'ombe,0.0,0.0,1.0,1.0
tlc/sorri,1.0,0.0,0.0,1.0
tlc/thimotheo masunga,0.0,0.0,1.0,1.0
tltc,0.5,0.0,0.5,8.0
tmn,0.0,0.0,1.0,1.0
tmp,1.0,0.0,0.0,1.0
tom,0.0,0.0,1.0,2.0
total land care,0.56,0.0,0.44,25.0
total landcare,0.3333333333333333,0.0,0.6666666666666666,6.0
totoland,1.0,0.0,0.0,2.0
totoland care,0.0,0.0,1.0,4.0
tove,1.0,0.0,0.0,1.0
townsh,0.0,0.5,0.5,2.0
tpp,0.3333333333333333,0.6666666666666666,0.0,3.0
tpp trustmoshi,0.4666666666666667,0.06666666666666667,0.4666666666666667,15.0
trachoma,1.0,0.0,0.0,5.0
trc,0.0,1.0,0.0,1.0
tredep,0.782608695652174,0.0,0.21739130434782608,23.0
tridep,0.0,0.0,1.0,5.0
trust,0.8,0.0,0.2,5.0
tscr,0.0,0.0,1.0,1.0
tsrc,0.0,0.0,1.0,1.0
tukwale enterp,1.0,0.0,0.0,1.0
tukware enterp,1.0,0.0,0.0,1.0
tulawaka gold mine,0.8,0.0,0.2,5.0
tumaini fund,0.0,0.2,0.8,5.0
tuwasa,0.71875,0.0,0.28125,32.0
twe,0.8918918918918919,0.036036036036036036,0.07207207207207207,111.0
twende pamoja,1.0,0.0,0.0,1.0
twesa,0.629746835443038,0.11708860759493671,0.25316455696202533,316.0
twesa /community,0.8,0.0,0.2,5.0
twesa/ community,1.0,0.0,0.0,4.0
twesa/community,0.0,0.0,1.0,1.0
twesa/jamii,0.0,0.0,1.0,1.0
twess,0.0,1.0,0.0,1.0
twig,1.0,0.0,0.0,1.0
tz as,1.0,0.0,0.0,1.0
u.s.a,0.3333333333333333,0.0,0.6666666666666666,3.0
uaacc,1.0,0.0,0.0,1.0
ubalozi wa japani,1.0,0.0,0.0,1.0
ubalozi wa marekani,0.5555555555555556,0.0,0.4444444444444444,9.0
ubalozi wa marekani /dwe,1.0,0.0,0.0,1.0
ubung,0.0,0.0,1.0,9.0
udc/sema,0.6818181818181818,0.09090909090909091,0.22727272727272727,22.0
udea,1.0,0.0,0.0,1.0
uhai wa mama na mtoto,0.25,0.0,0.75,4.0
ukilig,0.0,0.0,1.0,17.0
umoja drilling,0.25,0.0,0.75,4.0
umoja drilling construction,0.5,0.0,0.5,2.0
umoja drilling contractor,1.0,0.0,0.0,1.0
umoja drilling contructo,1.0,0.0,0.0,1.0
un,0.8518518518518519,0.1111111111111111,0.037037037037037035,27.0
un habitat,0.0,0.0,1.0,1.0
un one,1.0,0.0,0.0,4.0
undp,0.5,0.0,0.5,2.0
ungan,0.3333333333333333,0.0,0.6666666666666666,3.0
unhcr,0.5,0.08333333333333333,0.4166666666666667,12.0
unicef,0.5341880341880342,0.038461538461538464,0.42735042735042733,234.0
unicrf,0.0,0.0,1.0,1.0
unisef,0.826530612244898,0.030612244897959183,0.14285714285714285,98.0
universal construction,1.0,0.0,0.0,2.0
unknown,0.5,0.0,0.5,4.0
unknown installer,0.0,0.0,1.0,1.0
upendo group,1.0,0.0,0.0,1.0
upendo primary school,1.0,0.0,0.0,1.0
upm,1.0,0.0,0.0,1.0
upper ruvu,0.0,0.0,1.0,1.0
us embassy,0.8,0.0,0.2,15.0
usa embassy,1.0,0.0,0.0,1.0
usaid,0.0,0.0,1.0,1.0
usambala sisters,0.0,0.0,1.0,1.0
ustawi,0.6666666666666666,0.0,0.3333333333333333,3.0
uyoge,1.0,0.0,0.0,3.0
v,1.0,0.0,0.0,1.0
vc,0.0,0.0,1.0,1.0
vi,0.6666666666666666,0.0,0.3333333333333333,3.0
vicf,1.0,0.0,0.0,1.0
vicfish ltd,1.0,0.0,0.0,2.0
vickfi,1.0,0.0,0.0,2.0
victoria,0.6666666666666666,0.0,0.3333333333333333,9.0
victoria company,1.0,0.0,0.0,5.0
victoria drill,0.6666666666666666,0.0,0.3333333333333333,3.0
victoria drill co,0.0,0.0,1.0,5.0
vien construction,1.0,0.0,0.0,2.0
vifaf,0.0,1.0,0.0,1.0
vifafi,0.6086956521739131,0.0,0.391304347826087,23.0
vifai,1.0,0.0,0.0,1.0
vill,0.6666666666666666,0.16666666666666666,0.16666666666666666,12.0
villa,0.7538461538461538,0.0,0.24615384615384617,65.0
villaers,1.0,0.0,0.0,2.0
villag,0.21428571428571427,0.0,0.7857142857142857,14.0
village,1.0,0.0,0.0,8.0
village  council,1.0,0.0,0.0,4.0
village community,0.6071428571428571,0.03571428571428571,0.35714285714285715,28.0
village community members,1.0,0.0,0.0,1.0
village council,0.8461538461538461,0.04807692307692308,0.10576923076923077,104.0
village council .oda,1.0,0.0,0.0,1.0
village council orpha,0.7142857142857143,0.0,0.2857142857142857,7.0
village counil,0.0,0.0,1.0,4.0
village government,1.0,0.0,0.0,10.0
village govt,0.0,0.625,0.375,8.0
village local contractor,0.0,0.0,1.0,1.0
village office,1.0,0.0,0.0,1.0
village technician,1.0,0.0,0.0,1.0
village water attendant,1.0,0.0,0.0,1.0
village water commission,0.0,0.0,1.0,1.0
village water committee,1.0,0.0,0.0,2.0
villager,0.6666666666666666,0.0,0.3333333333333333,6.0
villagerd,1.0,0.0,0.0,1.0
villagers,0.751131221719457,0.06787330316742081,0.18099547511312217,221.0
villages,1.0,0.0,0.0,1.0
villege council,0.0,0.0,1.0,1.0
villi,1.0,0.0,0.0,1.0
villigers,1.0,0.0,0.0,1.0
vitecos,1.0,0.0,0.0,2.0
vitecos invest,0.0,0.0,1.0,1.0
vodacom,0.0,0.0,1.0,1.0
vtecos,0.53125,0.0625,0.40625,32.0
vttp,0.25,0.0,0.75,4.0
vw,0.5,0.5,0.0,2.0
vwc,0.8351648351648352,0.10989010989010989,0.054945054945054944,91.0
vwt,1.0,0.0,0.0,1.0
w,0.5833333333333334,0.0,0.4166666666666667,12.0
w.b,1.0,0.0,0.0,2.0
w.c.s,0.8,0.0,0.2,5.0
w.d &,0.0,0.0,1.0,4.0
w.d. and i.d.,0.0,0.0,1.0,2.0
w/,0.8571428571428571,0.0,0.14285714285714285,21.0
wa,0.8285714285714286,0.0,0.17142857142857143,70.0
wachina,0.8166666666666667,0.0,0.18333333333333332,60.0
wadeco,1.0,0.0,0.0,2.0
wafidh,1.0,0.0,0.0,1.0
waheke,1.0,0.0,0.0,1.0
wahidi,0.0,0.0,1.0,1.0
waitaliano,0.0,1.0,0.0,1.0
wajerumani,0.0,0.0,1.0,2.0
wama,0.0,0.0,1.0,1.0
wamba,0.0,1.0,0.0,1.0
wamisionari wa kikatoriki,0.0,1.0,0.0,1.0
wamissionari wa kikatoriki,1.0,0.0,0.0,1.0
wanan,0.9122807017543859,0.03508771929824561,0.05263157894736842,57.0
wananchi,0.8145695364238411,0.059602649006622516,0.12582781456953643,151.0
wananchi technicians,1.0,0.0,0.0,1.0
wanjoda,1.0,0.0,0.0,6.0
warento,1.0,0.0,0.0,1.0
wasab,1.0,0.0,0.0,1.0
washima,0.0,1.0,0.0,1.0
wasso,0.8,0.0,0.2,5.0
wasso companies,0.5,0.25,0.25,4.0
wasso contractors,0.3333333333333333,0.3333333333333333,0.3333333333333333,3.0
water,0.6527777777777778,0.06944444444444445,0.2777777777777778,72.0
water  aid,1.0,0.0,0.0,10.0
water  aid/maji tech,1.0,0.0,0.0,1.0
water  aid/sema,1.0,0.0,0.0,5.0
water  aids,1.0,0.0,0.0,1.0
water /sema,0.0,0.0,1.0,1.0
water aid,0.6209150326797386,0.0392156862745098,0.33986928104575165,153.0
water aid /sema,0.5102040816326531,0.04081632653061224,0.4489795918367347,49.0
water aid/dwe,0.0,0.0,1.0,1.0
water aid/sema,0.5714285714285714,0.07142857142857142,0.35714285714285715,28.0
water authority,0.5,0.5,0.0,2.0
water board,0.18072289156626506,0.08433734939759036,0.7349397590361446,83.0
water boards,1.0,0.0,0.0,1.0
water department,0.25,0.0,0.75,4.0
water hu,1.0,0.0,0.0,2.0
water project mbawala chini,0.6923076923076923,0.0,0.3076923076923077,13.0
water solution,0.0,0.0,1.0,1.0
water use group,1.0,0.0,0.0,1.0
water user group,1.0,0.0,0.0,1.0
water users group,1.0,0.0,0.0,2.0
wateraid,0.9032258064516129,0.0,0.0967741935483871,31.0
wb,0.5333333333333333,0.0,0.4666666666666667,30.0
wb / district council,0.0,0.0,1.0,2.0
wbk,0.0,0.0,1.0,1.0
wd and id,0.0,0.038461538461538464,0.9615384615384616,26.0
wde,0.0,0.0,1.0,1.0
wdeco,1.0,0.0,0.0,1.0
wdp,0.0,0.0,1.0,1.0
we,1.0,0.0,0.0,5.0
wedeco,0.6809045226130653,0.04271356783919598,0.27638190954773867,398.0
wedeco/wessons,0.8333333333333334,0.16666666666666666,0.0,6.0
wedeko,0.5,0.0,0.5,2.0
weepers,1.0,0.0,0.0,1.0
wfp,0.4666666666666667,0.13333333333333333,0.4,15.0
william acles,1.0,0.0,0.0,1.0
williamson diamond ltd,0.7777777777777778,0.0,0.2222222222222222,9.0
wilson,1.0,0.0,0.0,1.0
winam  construction,0.0,0.0,1.0,1.0
winam co,0.0,0.0,1.0,1.0
winam construction,1.0,0.0,0.0,1.0
winamu co,0.0,0.0,1.0,1.0
winkyens,1.0,0.0,0.0,1.0
winnin spirit co,0.0,0.0,1.0,2.0
winnin spirit co ltd,0.5,0.0,0.5,2.0
wizara,0.0,0.0,1.0,1.0
wizara  ya maji,0.0,0.0,1.0,1.0
wizara ya maji,0.29411764705882354,0.0,0.7058823529411765,102.0
wizra ya maji na egypt,1.0,0.0,0.0,1.0
wo,0.4583333333333333,0.0,0.5416666666666666,24.0
word,1.0,0.0,0.0,1.0
word bank,1.0,0.0,0.0,3.0
word divisio,1.0,0.0,0.0,1.0
wordl bank,0.0,0.0,1.0,1.0
world,0.472,0.136,0.392,125.0
world bank,0.35294117647058826,0.05228758169934641,0.5947712418300654,153.0
world banks,0.25,0.25,0.5,4.0
world division,0.5,0.0,0.5,2.0
world nk,0.0,0.0,1.0,1.0
world visiin,1.0,0.0,0.0,1.0
world vision,0.6251788268955651,0.12732474964234622,0.2474964234620887,699.0
world vission,0.0,0.0,1.0,12.0
would bank,0.6153846153846154,0.0,0.38461538461538464,13.0
woyege,0.0,0.0,1.0,1.0
wsdp,0.8461538461538461,0.0,0.15384615384615385,13.0
wssp,0.0,0.0,1.0,1.0
wu,0.867109634551495,0.0,0.132890365448505,301.0
wua,1.0,0.0,0.0,8.0
wus,1.0,0.0,0.0,1.0
wvc,1.0,0.0,0.0,3.0
wvt,0.7088607594936709,0.23417721518987342,0.056962025316455694,158.0
ww,0.0,0.0,1.0,1.0
wwf,0.7391304347826086,0.0,0.2608695652173913,23.0
wwf/,0.0,0.0,1.0,1.0
yakwetu contractor,1.0,0.0,0.0,1.0
yasini,0.0,0.0,1.0,1.0
yasini selemani,0.0,0.0,1.0,1.0
yebe chikomesh,1.0,0.0,0.0,3.0
yell ltd,0.0,0.0,1.0,2.0
yohanis mgaya,1.0,0.0,0.0,1.0
yoroko mwalongo,1.0,0.0,0.0,1.0
yumbaka engineering,0.5,0.16666666666666666,0.3333333333333333,6.0
zaburi and neighbors,1.0,0.0,0.0,1.0
zacharia mtn,0.75,0.0,0.25,4.0
zao,0.0,0.0,1.0,1.0
zao water spring,1.0,0.0,0.0,3.0
zao water spring x,0.0,0.0,1.0,1.0
zinduka,1.0,0.0,0.0,1.0
zingibali secondary,1.0,0.0,0.0,1.0
zuber mihungo,0.0,0.0,1.0,1.0
total,0.543080808080808,0.07267676767676767,0.3842424242424242,59400.0
