funder,funder_good,funder_repair,funder_bad,funder_sum_cases
0,0.5727155727155727,0.003861003861003861,0.42342342342342343,777.0
a/co germany,0.4666666666666667,0.06666666666666667,0.4666666666666667,15.0
aar,0.6666666666666666,0.12121212121212122,0.21212121212121213,33.0
abas ka,1.0,0.0,0.0,1.0
abasia,0.8372093023255814,0.046511627906976744,0.11627906976744186,43.0
abc-ihushi development cent,0.0,0.0,1.0,1.0
abd,0.7142857142857143,0.0,0.2857142857142857,7.0
abdala,0.0,0.0,1.0,1.0
abddwe,1.0,0.0,0.0,1.0
abdul,0.0,0.0,1.0,1.0
abood,0.0,0.0,1.0,2.0
abs,1.0,0.0,0.0,1.0
aco/germany,0.9230769230769231,0.07692307692307693,0.0,13.0
acord,0.3333333333333333,0.0,0.6666666666666666,3.0
acord ngo,0.0,0.5,0.5,2.0
acra,1.0,0.0,0.0,46.0
act,1.0,0.0,0.0,1.0
act mara,1.0,0.0,0.0,1.0
action aid,0.625,0.0,0.375,8.0
action contre la faim,0.7777777777777778,0.0,0.2222222222222222,9.0
action in a,1.0,0.0,0.0,1.0
adap,0.25,0.0,0.75,4.0
adb,0.7611607142857143,0.044642857142857144,0.19419642857142858,448.0
adf,0.5,0.0,0.5,6.0
adp,0.32,0.0,0.68,25.0
adp bungu,1.0,0.0,0.0,2.0
adp mombo,0.5,0.0,0.5,14.0
adp/w,1.0,0.0,0.0,2.0
adra,0.4296577946768061,0.0076045627376425855,0.5627376425855514,263.0
af,0.5,0.0,0.5,12.0
afdp,1.0,0.0,0.0,1.0
afric,0.0,0.0,1.0,1.0
africa,1.0,0.0,0.0,2.0
africa 2000 network/undp,1.0,0.0,0.0,2.0
africa amini alama,0.5,0.0,0.5,2.0
africa project ev germany,1.0,0.0,0.0,1.0
african,0.6015625,0.03125,0.3671875,128.0
african 2000 network,0.5,0.0,0.5,2.0
african barrick gold,1.0,0.0,0.0,2.0
african development bank,0.7428571428571429,0.2,0.05714285714285714,35.0
african development foundation,0.0,0.0,1.0,6.0
african muslim agency,0.3333333333333333,0.0,0.6666666666666666,15.0
african realief committe of ku,0.0,0.0,1.0,2.0
african reflections foundation,0.0,0.0,1.0,1.0
african relie,0.4666666666666667,0.0,0.5333333333333333,15.0
africaone ltd,0.0,0.0,1.0,1.0
africare,0.42857142857142855,0.14285714285714285,0.42857142857142855,7.0
afriican reli,0.0,1.0,0.0,1.0
afroz ismail,1.0,0.0,0.0,1.0
afya department lindi rural,1.0,0.0,0.0,1.0
agape churc,1.0,0.0,0.0,1.0
agt church,0.0,1.0,0.0,1.0
ahmadia,1.0,0.0,0.0,1.0
ai,0.08333333333333333,0.0,0.9166666666666666,12.0
aic,0.46153846153846156,0.23076923076923078,0.3076923076923077,13.0
aic church,1.0,0.0,0.0,2.0
aic kij,1.0,0.0,0.0,1.0
aict,0.8117647058823529,0.011764705882352941,0.17647058823529413,85.0
aimgold,1.0,0.0,0.0,9.0
aixos,1.0,0.0,0.0,1.0
alia,1.0,0.0,0.0,1.0
ambwene mwaikek,0.0,0.0,1.0,1.0
amref,0.4235294117647059,0.01411764705882353,0.5623529411764706,425.0
amrefe,1.0,0.0,0.0,1.0
anglican church,0.7063492063492064,0.031746031746031744,0.2619047619047619,126.0
angrikana,0.625,0.25,0.125,8.0
anjuman e seifee,1.0,0.0,0.0,3.0
answeer muslim grou,1.0,0.0,0.0,1.0
apm,0.0,0.0,1.0,1.0
apm[africa precious metals lt,1.0,0.0,0.0,1.0
aqua blues angels,1.0,0.0,0.0,1.0
arab community,0.0,0.0,1.0,1.0
arabi,0.0,0.0,1.0,1.0
arabs community,0.0,0.0,1.0,2.0
ardhi instute,0.5,0.5,0.0,2.0
area,1.0,0.0,0.0,1.0
artisan,1.0,0.0,0.0,1.0
asb,1.0,0.0,0.0,18.0
asdp,0.0,0.0,1.0,5.0
asgerali n bharwan,1.0,0.0,0.0,1.0
auwasa,1.0,0.0,0.0,10.0
awf,1.0,0.0,0.0,3.0
b.a.p,0.0,0.0,1.0,1.0
ba as,1.0,0.0,0.0,13.0
babtest,0.0,0.0,1.0,1.0
babtist,0.0,0.0,1.0,1.0
bahewasa,1.0,0.0,0.0,17.0
bahresa,0.0,0.0,1.0,1.0
bakari chimkube,0.0,0.0,1.0,1.0
bakwata,1.0,0.0,0.0,1.0
ballo,1.0,0.0,0.0,1.0
balo,1.0,0.0,0.0,5.0
balyehe,1.0,0.0,0.0,1.0
banca reale,0.0,0.0,1.0,1.0
bank,1.0,0.0,0.0,22.0
bao,1.0,0.0,0.0,1.0
baptist church,0.7142857142857143,0.0,0.2857142857142857,7.0
baric,0.5714285714285714,0.0,0.42857142857142855,7.0
bathlomew vicent,1.0,0.0,0.0,1.0
batist church,1.0,0.0,0.0,1.0
belgian government,0.0,0.0,1.0,10.0
belgij,1.0,0.0,0.0,3.0
bened,0.5294117647058824,0.0,0.47058823529411764,17.0
benguka,0.9230769230769231,0.07692307692307693,0.0,13.0
bffs,0.2222222222222222,0.0,0.7777777777777778,9.0
bfwd,1.0,0.0,0.0,1.0
bgm,0.75,0.0,0.25,24.0
bgss,1.0,0.0,0.0,1.0
bgssws,1.0,0.0,0.0,1.0
bhws,1.0,0.0,0.0,1.0
bilila,1.0,0.0,0.0,5.0
bingo foundation,1.0,0.0,0.0,3.0
bingo foundation germany,1.0,0.0,0.0,1.0
bio fuel company,1.0,0.0,0.0,2.0
biore,0.8709677419354839,0.03225806451612903,0.0967741935483871,31.0
birage,1.0,0.0,0.0,1.0
bkhws,0.0,0.0,1.0,1.0
boazi,1.0,0.0,0.0,1.0
boazi /o,1.0,0.0,0.0,1.0
bobby,1.0,0.0,0.0,3.0
bokera w,1.0,0.0,0.0,2.0
boma saving,0.0,0.0,1.0,1.0
bong-kug ohh/choonlza lee,1.0,0.0,0.0,1.0
bonite bottles ltd,1.0,0.0,0.0,1.0
br,0.875,0.0,0.125,8.0
bra,1.0,0.0,0.0,1.0
brad,1.0,0.0,0.0,1.0
brdp,0.8,0.2,0.0,5.0
bread for the wor,1.0,0.0,0.0,2.0
bread of the worl,1.0,0.0,0.0,1.0
bridge north,0.25,0.0,0.75,4.0
british colonial government,0.125,0.0,0.875,8.0
british tanza,1.0,0.0,0.0,2.0
brown,0.0,0.0,1.0,1.0
bruder,0.8125,0.0625,0.125,16.0
bs,0.14285714285714285,0.0,0.8571428571428571,7.0
bsf,0.5213675213675214,0.1282051282051282,0.3504273504273504,117.0
bukumbi,0.0,0.0,1.0,1.0
bukwang church saint,0.0,0.0,1.0,1.0
bukwang church saints,1.0,0.0,0.0,1.0
buluga subvillage community,1.0,0.0,0.0,1.0
bulyahunlu gold mine,0.5384615384615384,0.0,0.46153846153846156,13.0
bumabu,0.0,0.0,1.0,1.0
buptist,1.0,0.0,0.0,1.0
busoga trust,0.0,0.0,1.0,1.0
c,0.5,0.0,0.5,2.0
cafod,0.8780487804878049,0.024390243902439025,0.0975609756097561,41.0
caltas,0.4,0.0,0.6,5.0
caltas tanzania,1.0,0.0,0.0,1.0
caltaz kahama,0.0,0.0,1.0,1.0
caltus,0.8333333333333334,0.0,0.16666666666666666,6.0
calvary connect,1.0,0.0,0.0,2.0
camartec,0.0,0.0,1.0,1.0
camavita,0.5,0.0,0.5,8.0
canada,0.9166666666666666,0.0,0.08333333333333333,12.0
canada aid,1.0,0.0,0.0,1.0
care int,1.0,0.0,0.0,1.0
care international,0.875,0.08333333333333333,0.041666666666666664,24.0
care/cipro,0.5,0.0,0.5,2.0
care/dwe,1.0,0.0,0.0,1.0
caritas,0.6571428571428571,0.05714285714285714,0.2857142857142857,70.0
carmatech,1.0,0.0,0.0,1.0
cartas tanzania,0.0,0.0,1.0,4.0
cast,0.75,0.0,0.25,4.0
cathoric,1.0,0.0,0.0,1.0
cbhi,0.8,0.0,0.2,5.0
cc motor day 2010,1.0,0.0,0.0,1.0
ccp,0.0,0.0,1.0,1.0
ccpk,0.0,0.0,1.0,1.0
ccps,1.0,0.0,0.0,1.0
cct,0.05555555555555555,0.0,0.9444444444444444,18.0
cdcg,0.5384615384615384,0.0,0.46153846153846156,26.0
cdft,1.0,0.0,0.0,1.0
cdg,1.0,0.0,0.0,4.0
cdtf,0.38571428571428573,0.014285714285714285,0.6,70.0
cdtfdistrict council,0.0,0.5,0.5,2.0
cefa,0.8059701492537313,0.014925373134328358,0.1791044776119403,67.0
cefa-njombe,1.0,0.0,0.0,23.0
cefa/rcchurch,1.0,0.0,0.0,1.0
ces (gmbh),0.8848484848484849,0.006060606060606061,0.10909090909090909,165.0
ces(gmbh),0.9615384615384616,0.007692307692307693,0.03076923076923077,260.0
cg,0.4666666666666667,0.16666666666666666,0.36666666666666664,30.0
cg/rc,1.0,0.0,0.0,1.0
cgc,0.0,0.0,1.0,1.0
cgi,0.5,0.0,0.5,2.0
ch,1.0,0.0,0.0,1.0
chacha,1.0,0.0,0.0,2.0
chacha issame,1.0,0.0,0.0,1.0
chai wazir,0.0,0.0,1.0,1.0
chama cha ushirika,1.0,0.0,0.0,1.0
chamavita,0.7,0.1,0.2,10.0
chani,1.0,0.0,0.0,2.0
charlotte well,1.0,0.0,0.0,1.0
cheni,0.6666666666666666,0.0,0.3333333333333333,3.0
china government,0.6078431372549019,0.0,0.39215686274509803,51.0
chmavita,1.0,0.0,0.0,1.0
chongolo,0.0,0.0,1.0,1.0
christan outrich,1.0,0.0,0.0,1.0
christian outrich,0.75,0.0,0.25,4.0
chuo,1.0,0.0,0.0,1.0
churc,0.7,0.0,0.3,30.0
church,0.6,0.0,0.4,5.0
church of disciples,1.0,0.0,0.0,1.0
cida,1.0,0.0,0.0,1.0
cip,0.5,0.0,0.5,2.0
cipro,0.5,0.5,0.0,2.0
cipro/care,0.3333333333333333,0.3333333333333333,0.3333333333333333,3.0
cipro/care/tcrs,0.8571428571428571,0.0,0.14285714285714285,7.0
cipro/government,0.7142857142857143,0.2857142857142857,0.0,21.0
clause,0.3333333333333333,0.16666666666666666,0.5,6.0
cmcr,0.34782608695652173,0.30434782608695654,0.34782608695652173,23.0
cmsr,0.6049382716049383,0.012345679012345678,0.38271604938271603,81.0
co,0.7117117117117117,0.05405405405405406,0.23423423423423423,111.0
cobashec,0.4444444444444444,0.0,0.5555555555555556,9.0
cocen,0.4807692307692308,0.019230769230769232,0.5,52.0
cocern,0.6206896551724138,0.034482758620689655,0.3448275862068966,29.0
cocu,1.0,0.0,0.0,1.0
college,0.0,0.0,1.0,1.0
colonial government,1.0,0.0,0.0,3.0
commu,0.6290322580645161,0.12903225806451613,0.24193548387096775,62.0
community,0.6190476190476191,0.21428571428571427,0.16666666666666666,126.0
community bank,0.0,0.0,1.0,1.0
compa,0.0,0.0,1.0,2.0
company,1.0,0.0,0.0,2.0
compasion international,1.0,0.0,0.0,1.0
comune di roma,0.0,0.0,1.0,1.0
comunedi roma,1.0,0.0,0.0,1.0
comunity construction fund,1.0,0.0,0.0,1.0
conce,0.7058823529411765,0.014705882352941176,0.27941176470588236,68.0
concen,0.5,0.25,0.25,4.0
concern,0.7777777777777778,0.046296296296296294,0.17592592592592593,108.0
concern /govern,1.0,0.0,0.0,6.0
concern world wide,0.8,0.041379310344827586,0.15862068965517243,145.0
concern/governm,1.0,0.0,0.0,3.0
cope,0.5,0.0,0.5,2.0
costantine herman,1.0,0.0,0.0,1.0
council,0.5555555555555556,0.1111111111111111,0.3333333333333333,9.0
cpar,1.0,0.0,0.0,1.0
cper,0.0,0.0,1.0,1.0
cpps,0.5,0.0,0.5,4.0
cpps mission,0.0,0.0,1.0,1.0
cpro,0.4,0.4,0.2,5.0
craelius,1.0,0.0,0.0,1.0
cristan outrich,1.0,0.0,0.0,1.0
crs,0.0,1.0,0.0,1.0
csf,1.0,0.0,0.0,1.0
cspd,0.4,0.06666666666666667,0.5333333333333333,30.0
cvs miss,0.0,0.0,1.0,1.0
d,0.125,0.0,0.875,8.0
d ct,1.0,0.0,0.0,1.0
da unoperaio siciliano,0.0,0.0,1.0,1.0
dacp,0.0,0.0,1.0,1.0
dadid,0.0,0.0,1.0,1.0
dadis,0.8,0.04,0.16,25.0
dadp,0.6666666666666666,0.0,0.3333333333333333,3.0
dads,0.6304347826086957,0.06521739130434782,0.30434782608695654,46.0
dae yeol and chae lynn,1.0,0.0,0.0,1.0
dagida,0.0,0.0,1.0,1.0
daida,1.0,0.0,0.0,1.0
dak,0.6363636363636364,0.0,0.36363636363636365,11.0
daldo,1.0,0.0,0.0,1.0
danida,0.5500963391136802,0.051059730250481696,0.3988439306358382,3114.0
danida /government,0.0,0.0,1.0,3.0
dar al ber,0.9333333333333333,0.06666666666666667,0.0,15.0
dar es salaam round table,1.0,0.0,0.0,1.0
dasiip,1.0,0.0,0.0,1.0
dasip,0.5945945945945946,0.05405405405405406,0.35135135135135137,37.0
dasp,0.7222222222222222,0.0,0.2777777777777778,18.0
dasp ltd,0.0,0.0,1.0,1.0
dassip,0.5714285714285714,0.21428571428571427,0.21428571428571427,14.0
dawasa,0.0,0.0,1.0,2.0
dawasco,0.6666666666666666,0.0,0.3333333333333333,6.0
dbfpe,0.0,0.0,1.0,3.0
dbsp,0.0,1.0,0.0,1.0
dbspe,0.0,0.0,1.0,5.0
dct,0.8421052631578947,0.0,0.15789473684210525,19.0
ddca,1.0,0.0,0.0,1.0
ddp,0.4,0.2,0.4,5.0
de,0.2,0.6,0.2,10.0
ded,0.5,0.050505050505050504,0.4494949494949495,198.0
ded kilo,1.0,0.0,0.0,1.0
ded/rwssp,1.0,0.0,0.0,1.0
ded_rwsp,1.0,0.0,0.0,1.0
denat,0.5,0.0,0.5,2.0
denish,0.0,0.0,1.0,2.0
deogratius kasima,1.0,0.0,0.0,1.0
desk and chair foundation,0.5555555555555556,0.0,0.4444444444444444,9.0
devon aid korogwe,0.7391304347826086,0.0,0.2608695652173913,46.0
dfid,0.7181818181818181,0.01818181818181818,0.2636363636363636,110.0
dgv,0.0,0.0,1.0,1.0
dh,0.5633802816901409,0.051643192488262914,0.38497652582159625,213.0
dhinu,0.0,0.0,1.0,3.0
dhv,0.5657418576598311,0.07117008443908324,0.36308805790108567,829.0
dhv moro,0.3684210526315789,0.0,0.631578947368421,19.0
dhv/gove,0.1,0.2,0.7,10.0
dhv\norp,0.0,0.03125,0.96875,32.0
dhv\swis,1.0,0.0,0.0,1.0
dimon,0.0,0.0,1.0,1.0
dina,1.0,0.0,0.0,1.0
dioce,1.0,0.0,0.0,2.0
diocese of geita,0.25,0.0,0.75,4.0
diocese of mount kilimanjaro,0.0,0.0,1.0,1.0
district council,0.4483985765124555,0.05338078291814947,0.498220640569395,843.0
district medical,1.0,0.0,0.0,1.0
district rural project,0.0,1.0,0.0,1.0
diwani,1.0,0.0,0.0,3.0
dmd,1.0,0.0,0.0,1.0
dmdd,0.8602150537634409,0.03763440860215054,0.10215053763440861,186.0
dmdd/solider,1.0,0.0,0.0,1.0
dmk,0.4,0.0,0.6,5.0
dmk anglican,1.0,0.0,0.0,1.0
dmmd,1.0,0.0,0.0,2.0
dmo,1.0,0.0,0.0,2.0
do,0.625,0.0,0.375,8.0
doctor mwambi,0.0,0.0,1.0,1.0
doddea,0.6666666666666666,0.0,0.3333333333333333,3.0
dokta mwandulam,1.0,0.0,0.0,1.0
dom,0.0,0.0,1.0,1.0
domestic rural development pr,0.0,0.0,1.0,1.0
domestic rural development pro,0.0,0.0,1.0,5.0
domestic water supply project,0.5,0.0,0.5,2.0
dominiki simwen,1.0,0.0,0.0,1.0
doner and com,0.0,0.0,1.0,1.0
doner and ded,1.0,0.0,0.0,1.0
donor,0.4146341463414634,0.0,0.5853658536585366,41.0
dqnida,1.0,0.0,0.0,1.0
drdp,0.0,0.0,1.0,1.0
drdp ngo,0.7647058823529411,0.058823529411764705,0.17647058823529413,17.0
drv na idara,0.0,0.0,1.0,1.0
drwssp,0.0,0.0,1.0,1.0
dsdp,1.0,0.0,0.0,1.0
dsp,0.5,0.0,0.5,2.0
duka,0.0,0.0,1.0,1.0
duwas,1.0,0.0,0.0,8.0
dv,1.0,0.0,0.0,1.0
dw,0.2222222222222222,0.1111111111111111,0.6666666666666666,27.0
dwarf,1.0,0.0,0.0,1.0
dwe,0.44421487603305787,0.049586776859504134,0.506198347107438,484.0
dwe and veo,0.5,0.0,0.5,2.0
dwe/anglican church,0.0,0.0,1.0,1.0
dwe/bamboo projec,0.25,0.0,0.75,4.0
dwe/norad,0.52,0.12,0.36,50.0
dwe/rudep,0.0,0.0,1.0,1.0
dwe/ubalozi wa marekani,0.0,0.0,1.0,1.0
dwsdp,0.0,0.0,1.0,1.0
dwsp,0.45745992601726265,0.27743526510480887,0.2651048088779285,811.0
dwssp,0.3404255319148936,0.3191489361702128,0.3404255319148936,47.0
dwst,0.0,0.0,1.0,1.0
dwt,0.6666666666666666,0.0,0.3333333333333333,3.0
ea,0.6,0.0,0.4,5.0
eastmeru medium school,1.0,0.0,0.0,1.0
eater,1.0,0.0,0.0,1.0
ebaha,0.0,0.0,1.0,8.0
eco lodge,1.0,0.0,0.0,1.0
education funds,1.0,0.0,0.0,1.0
efg,0.10526315789473684,0.42105263157894735,0.47368421052631576,19.0
egypt,0.5,0.5,0.0,2.0
egypt government,0.0,0.0,1.0,2.0
egypt technical co operation,0.0,0.0,1.0,1.0
el,0.7142857142857143,0.14285714285714285,0.14285714285714285,7.0
elca,1.0,0.0,0.0,1.0
elct,0.6666666666666666,0.13333333333333333,0.2,15.0
embasy of japan in tanzania,1.0,0.0,0.0,1.0
engin,1.0,0.0,0.0,3.0
engineers without border,1.0,0.0,0.0,1.0
eno,0.5,0.0,0.5,2.0
enyuati,0.0,0.0,1.0,1.0
enyueti,0.0,0.0,1.0,3.0
ereto,0.6071428571428571,0.25,0.14285714285714285,28.0
ermua,1.0,0.0,0.0,1.0
erre kappa,1.0,0.0,0.0,1.0
esawa,1.0,0.0,0.0,1.0
ester ndege,1.0,0.0,0.0,1.0
eu,1.0,0.0,0.0,3.0
eu/acra,1.0,0.0,0.0,18.0
eung am methodist church,1.0,0.0,0.0,1.0
eung-am methodist church,1.0,0.0,0.0,1.0
european union,0.8333333333333334,0.0,0.16666666666666666,48.0
f,0.6666666666666666,0.0,0.3333333333333333,3.0
fabia,1.0,0.0,0.0,1.0
fao,1.0,0.0,0.0,2.0
farm africa,0.75,0.0,0.25,4.0
farm-africa,0.0,0.0,1.0,1.0
fathe,1.0,0.0,0.0,37.0
father bonifasi,0.0,0.0,1.0,17.0
father w,1.0,0.0,0.0,2.0
fdc,0.0,0.0,1.0,1.0
fida,0.0,0.0,1.0,1.0
filo,1.0,0.0,0.0,6.0
fin water,0.20833333333333334,0.0,0.7916666666666666,72.0
fini water,0.1297709923664122,0.030534351145038167,0.8396946564885496,393.0
finida german tanzania govt,0.2830188679245283,0.18867924528301888,0.5283018867924528,53.0
finidagermantanzania govt,0.0,0.0,1.0,11.0
finland,0.06666666666666667,0.06666666666666667,0.8666666666666667,15.0
finland government,0.125,0.0,0.875,16.0
finn water,0.06060606060606061,0.0,0.9393939393939394,33.0
finw,0.2191780821917808,0.0547945205479452,0.726027397260274,219.0
finwater,0.3448275862068966,0.0,0.6551724137931034,29.0
fiwater,0.0,0.0,1.0,1.0
floresta,0.3333333333333333,0.6666666666666666,0.0,3.0
folac,1.0,0.0,0.0,1.0
foreigne,0.5,0.0,0.5,2.0
fosecu,0.0,0.0,1.0,1.0
fpct,0.8,0.13333333333333333,0.06666666666666667,15.0
fpct church,1.0,0.0,0.0,3.0
fpct mulala,1.0,0.0,0.0,1.0
fptc - pent,1.0,0.0,0.0,2.0
franc,0.8461538461538461,0.15384615384615385,0.0,13.0
france,1.0,0.0,0.0,8.0
frankfurt,1.0,0.0,0.0,1.0
fredked conservation,1.0,0.0,0.0,1.0
free pentecoste church of tanz,1.0,0.0,0.0,4.0
fresh water plc england,0.0,0.0,1.0,1.0
friedkin conservation fund,0.0,0.0,1.0,1.0
friend from un,1.0,0.0,0.0,1.0
friends of kibara foundation,1.0,0.0,0.0,2.0
friends of ulambo and mwanhala,1.0,0.0,0.0,1.0
full gospel church,1.0,0.0,0.0,1.0
fw,0.07514450867052024,0.0,0.9248554913294798,173.0
g.d&i.d,0.0,0.0,1.0,2.0
ga,0.1,0.5,0.4,30.0
gachuma ginery,1.0,0.0,0.0,3.0
gaica,0.16666666666666666,0.0,0.8333333333333334,6.0
gain,0.6111111111111112,0.0,0.3888888888888889,18.0
game division,1.0,0.0,0.0,1.0
game fronti,1.0,0.0,0.0,2.0
gdp,1.0,0.0,0.0,1.0
geita goldmain,1.0,0.0,0.0,3.0
gen,0.6481481481481481,0.0,0.35185185185185186,54.0
geochaina,0.5,0.0,0.5,4.0
gerald tuseko gro,0.0,0.0,1.0,1.0
german missionary,1.0,0.0,0.0,1.0
germany,0.7722772277227723,0.019801980198019802,0.2079207920792079,101.0
germany cristians,0.0,0.0,1.0,1.0
germany misionary,0.9090909090909091,0.0,0.09090909090909091,11.0
germany missionary,0.0,0.0,1.0,1.0
germany republi,0.8819672131147541,0.001639344262295082,0.11639344262295082,610.0
gesawa,0.5,0.0,0.5,2.0
getdsc00,0.0,0.0,1.0,1.0
getekwe,1.0,0.0,0.0,1.0
gg,1.0,0.0,0.0,1.0
ggm,0.6666666666666666,0.0,0.3333333333333333,3.0
gil cafe'church',0.0,0.0,1.0,1.0
giovan disinistra per salve,1.0,0.0,0.0,1.0
giz,0.8809523809523809,0.0,0.11904761904761904,42.0
global fund,0.0,0.0,1.0,2.0
go,0.3867403314917127,0.03314917127071823,0.580110497237569,181.0
godii,1.0,0.0,0.0,1.0
goldmain,1.0,0.0,0.0,1.0
goldwill foundation,1.0,0.0,0.0,1.0
government,1.0,0.0,0.0,2.0
government /sda,1.0,0.0,0.0,1.0
government /tassaf,0.5,0.25,0.25,8.0
government /world vision,0.0,0.0,1.0,1.0
government and community,0.0,0.0,1.0,1.0
government of misri,0.0,0.0,1.0,2.0
government of tanzania,0.4095112285336856,0.07716864817261118,0.5133201232937032,9084.0
government/ community,0.7272727272727273,0.0,0.2727272727272727,11.0
government/ world bank,0.0,0.0,1.0,9.0
government/school,1.0,0.0,0.0,1.0
government/tassaf,0.5,0.5,0.0,2.0
government/tcrs,1.0,0.0,0.0,1.0
gra na halmashauri,1.0,0.0,0.0,1.0
grail mission kiseki bar,0.0,1.0,0.0,1.0
grazie franco lucchini,1.0,0.0,0.0,1.0
grazie grouppo padre fiorentin,1.0,0.0,0.0,1.0
greec,0.0,0.0,1.0,5.0
greinaker,0.0,0.0,1.0,3.0
greineker,0.5,0.0,0.5,2.0
grumeti,0.8113207547169812,0.0,0.18867924528301888,53.0
gt,0.3333333333333333,0.0,0.6666666666666666,6.0
gtz,0.35714285714285715,0.03571428571428571,0.6071428571428571,84.0
gurdians,1.0,0.0,0.0,1.0
gwitembe,0.5,0.0,0.5,2.0
h,0.3488372093023256,0.03488372093023256,0.6162790697674418,86.0
h/w,0.6666666666666666,0.3333333333333333,0.0,3.0
h4ccp,0.0,0.0,1.0,1.0
haam,1.0,0.0,0.0,1.0
haidomu lutheran church,1.0,0.0,0.0,1.0
halimashau,1.0,0.0,0.0,1.0
halimashauli,0.0,0.0,1.0,1.0
halmashauli,0.5,0.0,0.5,2.0
halmashaur,0.125,0.0,0.875,8.0
halmashauri,0.3333333333333333,0.0,0.6666666666666666,27.0
halmashauri wil,0.0,1.0,0.0,2.0
halmashauri ya manispa tabora,0.23076923076923078,0.0,0.7692307692307693,13.0
halmashauri ya wilaya,0.0,0.3333333333333333,0.6666666666666666,3.0
halmashauri ya wilaya sikonge,0.22549019607843138,0.0,0.7745098039215687,102.0
ham,0.5,0.0,0.5,18.0
hamref,1.0,0.0,0.0,1.0
handeni trunk main(,0.8,0.0,0.2,5.0
handeni trunk maini,1.0,0.0,0.0,1.0
hans,1.0,0.0,0.0,25.0
hapa,0.5714285714285714,0.42857142857142855,0.0,7.0
hapa singida,1.0,0.0,0.0,1.0
happy watoto foundation,0.3,0.03333333333333333,0.6666666666666666,30.0
haruna mpog,1.0,0.0,0.0,1.0
hasawa,0.0,0.0,1.0,1.0
hashi,0.0,0.0,1.0,1.0
hasnan murig (mbunge),1.0,0.0,0.0,1.0
hasnein muij mbunge,1.0,0.0,0.0,1.0
hasnein murij,1.0,0.0,0.0,1.0
hassan gulam,1.0,0.0,0.0,1.0
haydom lutheran hospital,1.0,0.0,0.0,1.0
hdv,1.0,0.0,0.0,1.0
he,0.384,0.008,0.608,125.0
healt,0.4444444444444444,0.0,0.5555555555555556,9.0
health  ministry,1.0,0.0,0.0,1.0
hearts helping hands.inc.,1.0,0.0,0.0,1.0
henure dema,1.0,0.0,0.0,1.0
heri mission,1.0,0.0,0.0,1.0
hery,0.0,0.0,1.0,1.0
hesaw,0.6,0.0,0.4,5.0
hesawa,0.4250681198910082,0.10535876475930972,0.4695731153496821,2202.0
hesawa and concern world wide,1.0,0.0,0.0,1.0
hesawwa,0.0,0.0,1.0,1.0
hesawz,0.2,0.0,0.8,5.0
hesawza,1.0,0.0,0.0,1.0
hesswa,1.0,0.0,0.0,1.0
hewasa,0.52,0.28,0.2,25.0
hewawa,0.0,0.0,1.0,1.0
hez,1.0,0.0,0.0,1.0
hhesawa,0.0,0.0,1.0,1.0
hiap,0.25,0.0,0.75,4.0
hifab,0.7177777777777777,0.0,0.2822222222222222,450.0
hilfe fur brunder,1.0,0.0,0.0,1.0
hindu,0.0,0.0,1.0,3.0
holand,0.5,0.0,0.5,2.0
holili water supply,0.0,0.0,1.0,1.0
holla,0.3333333333333333,0.0,0.6666666666666666,9.0
holland,0.06060606060606061,0.3939393939393939,0.5454545454545454,33.0
hongoli,0.0,0.0,1.0,1.0
hortanzia,0.8888888888888888,0.0,0.1111111111111111,9.0
hospital,0.8,0.0,0.2,5.0
hotels and lodge tanzania,1.0,0.0,0.0,1.0
hotels and loggs tz ltd,1.0,0.0,0.0,1.0
hpa,0.5,0.0,0.5,2.0
hsw,0.27722772277227725,0.019801980198019802,0.7029702970297029,101.0
htm,1.0,0.0,0.0,2.0
huches,1.0,0.0,0.0,1.0
hw/rc,0.8888888888888888,0.0,0.1111111111111111,27.0
hydom luthelani,0.6666666666666666,0.0,0.3333333333333333,3.0
i wash,0.9629629629629629,0.0,0.037037037037037035,27.0
i.e.c,1.0,0.0,0.0,8.0
iado,0.0,0.0,1.0,1.0
icap,1.0,0.0,0.0,1.0
icdp,0.0,0.0,1.0,1.0
icf,1.0,0.0,0.0,1.0
ics,0.24242424242424243,0.24242424242424243,0.5151515151515151,33.0
idara ya maji,0.8518518518518519,0.0,0.14814814814814814,54.0
idc,0.782608695652174,0.0,0.21739130434782608,92.0
idea,1.0,0.0,0.0,11.0
idf,0.0,1.0,0.0,1.0
idydc,0.6470588235294118,0.0,0.35294117647058826,17.0
if,1.0,0.0,0.0,1.0
ifad,0.18518518518518517,0.037037037037037035,0.7777777777777778,27.0
ifakara,0.6666666666666666,0.0,0.3333333333333333,3.0
igolola community,1.0,0.0,0.0,1.0
ikela wa,0.6666666666666666,0.2222222222222222,0.1111111111111111,9.0
ikeuchi towels japan,0.5,0.0,0.5,2.0
il,0.6551724137931034,0.0,0.3448275862068966,29.0
ilaramataki,1.0,0.0,0.0,1.0
ilct,0.43478260869565216,0.08695652173913043,0.4782608695652174,23.0
ilkeri village,1.0,0.0,0.0,5.0
ilo,0.5454545454545454,0.0,0.45454545454545453,33.0
ilo/undp,0.0,0.0,1.0,1.0
ilwilo community,0.0,0.0,1.0,1.0
imf,0.42857142857142855,0.5,0.07142857142857142,14.0
in,0.16666666666666666,0.3333333333333333,0.5,6.0
in memoria di albeto,1.0,0.0,0.0,1.0
incerto,0.0,0.0,1.0,1.0
inkinda,0.0,0.0,1.0,1.0
insititutiona,1.0,0.0,0.0,1.0
institution,0.9166666666666666,0.0,0.08333333333333333,12.0
institutional,0.25,0.0,0.75,4.0
insututional,1.0,0.0,0.0,2.0
internal drainage basin,0.0,0.0,1.0,1.0
international aid services,1.0,0.0,0.0,1.0
investor,0.0,0.0,1.0,2.0
iom,0.0,0.0,1.0,1.0
ir,0.3008130081300813,0.032520325203252036,0.6666666666666666,123.0
iran gover,0.0,0.0,1.0,2.0
irc,0.0,0.5,0.5,2.0
irevea sister,1.0,0.0,0.0,3.0
irevea sister water,1.0,0.0,0.0,1.0
irish ai,0.6271186440677966,0.1016949152542373,0.2711864406779661,59.0
irish government,1.0,0.0,0.0,2.0
is,0.8,0.0,0.2,125.0
isf,0.44936708860759494,0.3575949367088608,0.1930379746835443,316.0
isf / tasaff,1.0,0.0,0.0,1.0
isf/government,0.875,0.0625,0.0625,16.0
isf/gvt,0.0,0.0,1.0,1.0
isf/tacare,0.21428571428571427,0.6428571428571429,0.14285714285714285,14.0
isingiro ho,0.5714285714285714,0.07142857142857142,0.35714285714285715,14.0
islam,0.5,0.0,0.5,6.0
islamic,0.65,0.05,0.3,20.0
islamic agency tanzania,0.0,0.0,1.0,2.0
islamic community,1.0,0.0,0.0,1.0
islamic found,0.8857142857142857,0.0,0.11428571428571428,35.0
islamic society,0.0,0.0,1.0,1.0
isnashia and,0.0,0.0,1.0,1.0
issa mohamedi tumwanga,1.0,0.0,0.0,1.0
italian,1.0,0.0,0.0,1.0
italy,1.0,0.0,0.0,2.0
italy government,0.6666666666666666,0.3333333333333333,0.0,3.0
iucn,1.0,0.0,0.0,1.0
jacobin,0.0,0.0,1.0,1.0
jafary mbaga,1.0,0.0,0.0,1.0
jaica,0.6642857142857143,0.04285714285714286,0.29285714285714287,280.0
jamal,1.0,0.0,0.0,1.0
jamal abdallah,0.0,0.0,1.0,1.0
japan,0.7926829268292683,0.024390243902439025,0.18292682926829268,82.0
japan  food aid counter part,1.0,0.0,0.0,1.0
japan aid,1.0,0.0,0.0,3.0
japan embassy,1.0,0.0,0.0,3.0
japan food,0.6,0.4,0.0,5.0
japan food aid,1.0,0.0,0.0,1.0
japan government,1.0,0.0,0.0,1.0
jbg,0.6578947368421053,0.15789473684210525,0.18421052631578946,38.0
jeica,0.8461538461538461,0.0,0.15384615384615385,13.0
jeshi la wokovu,0.3333333333333333,0.0,0.6666666666666666,6.0
jeshi la wokovu [cida],0.0,0.0,1.0,1.0
jeshi lawokovu,0.0,0.0,1.0,1.0
jgb,0.4,0.0,0.6,5.0
jica,0.5405405405405406,0.05405405405405406,0.40540540540540543,259.0
jika,0.8333333333333334,0.0,0.16666666666666666,30.0
jimbo fund,0.3333333333333333,0.0,0.6666666666666666,6.0
jimmy,0.0,0.0,1.0,2.0
jipa,0.0,0.0,1.0,1.0
john fund,1.0,0.0,0.0,1.0
john gileth,1.0,0.0,0.0,1.0
john skwese,1.0,0.0,0.0,1.0
ju,0.0,0.0,1.0,1.0
ju-sarang church' and bugango,1.0,0.0,0.0,1.0
judge mchome,1.0,0.0,0.0,2.0
juhibu,0.5,0.0,0.5,2.0
juma,1.0,0.0,0.0,1.0
jumaa,0.0,0.0,1.0,1.0
jumanne,1.0,0.0,0.0,1.0
jumanne siabo,1.0,0.0,0.0,1.0
justine marwa,1.0,0.0,0.0,1.0
jwtz,1.0,0.0,0.0,1.0
k,0.0,0.0,1.0,2.0
ka,0.41025641025641024,0.02564102564102564,0.5641025641025641,39.0
kaaya,1.0,0.0,0.0,1.0
kadip,1.0,0.0,0.0,1.0
kadp,0.7368421052631579,0.10526315789473684,0.15789473684210525,19.0
kadres ngo,1.0,0.0,0.0,9.0
kaemp,0.6086956521739131,0.13043478260869565,0.2608695652173913,69.0
kagera,1.0,0.0,0.0,1.0
kagera mine,1.0,0.0,0.0,1.0
kagunguli secondary,0.0,0.0,1.0,1.0
kahema,1.0,0.0,0.0,1.0
kajima,0.0,0.0,1.0,1.0
kalebejo parish,1.0,0.0,0.0,1.0
kalitasi,0.75,0.0,0.25,24.0
kalitesi,1.0,0.0,0.0,1.0
kalta,0.9666666666666667,0.0,0.03333333333333333,30.0
kamama,0.0,0.0,1.0,1.0
kamata project,1.0,0.0,0.0,1.0
kambi migoko,1.0,0.0,0.0,2.0
kanamama,0.0,0.0,1.0,1.0
kando,1.0,0.0,0.0,1.0
kanis,1.0,0.0,0.0,1.0
kanisa,1.0,0.0,0.0,9.0
kanisa katoliki,0.7142857142857143,0.0,0.2857142857142857,7.0
kanisa katoliki lolovoni,0.3870967741935484,0.0,0.6129032258064516,31.0
kanisa la menonite,0.07407407407407407,0.0,0.9259259259259259,27.0
kanisa la mitume,1.0,0.0,0.0,1.0
kanisa la neema,1.0,0.0,0.0,1.0
kanisa la tag,1.0,0.0,0.0,1.0
kanisani,1.0,0.0,0.0,1.0
kapelo,0.0,0.0,1.0,1.0
karadea ngo,0.0,0.0,1.0,1.0
kashwas,1.0,0.0,0.0,4.0
kassim,1.0,0.0,0.0,1.0
kata,1.0,0.0,0.0,2.0
kauzeni,1.0,0.0,0.0,1.0
kayempu ltd,0.0,0.0,1.0,1.0
kc,0.0,0.0,1.0,1.0
kcu,0.0,0.0,1.0,1.0
kdc,0.0,0.0,1.0,1.0
kdpa,1.0,0.0,0.0,1.0
kdrdp ngo,1.0,0.0,0.0,2.0
kegocha,1.0,0.0,0.0,1.0
kenyans company,0.0,0.0,1.0,1.0
kerebuka,1.0,0.0,0.0,2.0
kfw,0.5,0.0,0.5,2.0
ki,0.5,0.024193548387096774,0.47580645161290325,124.0
kibaha independent school,1.0,0.0,0.0,2.0
kibaha town council,0.7352941176470589,0.058823529411764705,0.20588235294117646,68.0
kibara foundation,1.0,0.0,0.0,1.0
kibo,1.0,0.0,0.0,2.0
kibo brewaries,0.0,0.0,1.0,2.0
kidep,0.4482758620689655,0.10344827586206896,0.4482758620689655,29.0
kidika,0.0,0.0,1.0,1.0
kidp,0.4444444444444444,0.19444444444444445,0.3611111111111111,36.0
kigoma municipal,0.6,0.0,0.4,5.0
kigoma municipal council,0.0,0.0,1.0,1.0
kigwa,0.0,0.0,1.0,1.0
kijij,1.0,0.0,0.0,1.0
kijiji,0.25,0.0,0.75,4.0
kikom,1.0,0.0,0.0,1.0
kikundi cha akina mama,0.0,0.0,1.0,1.0
kilimarondo parish,0.0,0.0,1.0,1.0
kilimo,0.0,1.0,0.0,1.0
kilindi district co,0.22641509433962265,0.0,0.7735849056603774,53.0
kiliwater,0.5714285714285714,0.005291005291005291,0.42328042328042326,189.0
killflora,0.5714285714285714,0.047619047619047616,0.38095238095238093,21.0
kilol,0.0,0.0,1.0,1.0
kilomber,0.375,0.125,0.5,8.0
kilwater,0.48,0.04,0.48,25.0
kimkuma,0.3333333333333333,0.0,0.6666666666666666,6.0
kinapa,0.6666666666666666,0.25,0.08333333333333333,12.0
kindoroko water project,0.0,0.0,1.0,1.0
kinga,1.0,0.0,0.0,1.0
kingupira s,0.0,0.0,1.0,9.0
kipo potry,1.0,0.0,0.0,1.0
kirde,0.42592592592592593,0.2777777777777778,0.2962962962962963,54.0
kirdep,0.0,0.0,1.0,5.0
kitiangare village community,1.0,0.0,0.0,1.0
kiuma,0.40625,0.53125,0.0625,32.0
kiwanda cha ngozi,1.0,0.0,0.0,1.0
kiwanda cha samaki,0.0,0.0,1.0,2.0
kiwanda cha tangawizi,1.0,0.0,0.0,3.0
kizego jumaa,1.0,0.0,0.0,1.0
kizenga,0.0,0.0,1.0,1.0
kkkt,0.5617715617715617,0.05128205128205128,0.38694638694638694,1287.0
kkkt canal,1.0,0.0,0.0,1.0
kkkt church,0.5571428571428572,0.21428571428571427,0.22857142857142856,70.0
kkkt dme,1.0,0.0,0.0,2.0
kkkt leguruki,1.0,0.0,0.0,1.0
kkkt mareu,1.0,0.0,0.0,1.0
kkkt ndrumangeni,0.0,1.0,0.0,1.0
kkkt usa,1.0,0.0,0.0,1.0
kkkt-dioces ya pare,0.0,0.0,1.0,10.0
kkkt_makwale,0.5903614457831325,0.0,0.40963855421686746,166.0
kmcl,1.0,0.0,0.0,10.0
kmt,0.6666666666666666,0.0,0.3333333333333333,3.0
koica,0.6666666666666666,0.0,0.3333333333333333,9.0
koica and tanzania government,1.0,0.0,0.0,3.0
koico,0.0,0.0,1.0,1.0
kokornel,1.0,0.0,0.0,1.0
kolopin,0.0,1.0,0.0,1.0
kombe foundation,1.0,0.0,0.0,2.0
kome parish,1.0,0.0,0.0,1.0
kondela,1.0,0.0,0.0,1.0
kondo primary,1.0,0.0,0.0,1.0
konoike,0.0,0.25,0.75,4.0
kopwe khalifa,1.0,0.0,0.0,1.0
korea,0.6666666666666666,0.0,0.3333333333333333,3.0
krp,0.6,0.0,0.4,5.0
ku,1.0,0.0,0.0,1.0
kuamu,0.7894736842105263,0.0,0.21052631578947367,19.0
kuji foundation,1.0,0.0,0.0,1.0
kurrp,0.0,0.0,1.0,1.0
kurrp ki,1.0,0.0,0.0,1.0
kuwait,0.18055555555555555,0.0,0.8194444444444444,72.0
kuwasa,0.15789473684210525,0.0,0.8421052631578947,38.0
kwa ditriki cho,1.0,0.0,0.0,1.0
kwa makala,0.0,0.0,1.0,1.0
kwa mzee waziri,1.0,0.0,0.0,1.0
kwamdulu estate,1.0,0.0,0.0,1.0
kwang-nam middle-school,0.0,0.0,1.0,1.0
kwaruhombo he,1.0,0.0,0.0,1.0
kwasenenge group,1.0,0.0,0.0,1.0
kwik,0.0,0.0,1.0,2.0
kwikwiz,0.8333333333333334,0.08333333333333333,0.08333333333333333,12.0
kyariga,1.0,0.0,0.0,2.0
kyela council,1.0,0.0,0.0,7.0
kyela-morogoro,1.0,0.0,0.0,1.0
l,0.0,0.0,1.0,3.0
laizer,1.0,0.0,0.0,1.0
lake tanganyika,0.6666666666666666,0.0,0.3333333333333333,3.0
lake tanganyika basin,1.0,0.0,0.0,1.0
lake tanganyika prodap,1.0,0.0,0.0,1.0
lamp,0.6272727272727273,0.09090909090909091,0.2818181818181818,110.0
laramatak,1.0,0.0,0.0,2.0
latfu,1.0,0.0,0.0,1.0
lawate fuka water suppl,1.0,0.0,0.0,7.0
lawatefuka water supply,0.9333333333333333,0.0,0.06666666666666667,180.0
lc,1.0,0.0,0.0,1.0
lcdg,0.3333333333333333,0.0,0.6666666666666666,3.0
lcgd,0.5,0.0,0.5,4.0
ldcdd,1.0,0.0,0.0,1.0
ldcgd,0.0,0.0,1.0,1.0
lee kang pyung's family,1.0,0.0,0.0,1.0
legeza legeza,1.0,0.0,0.0,1.0
lench,0.0,0.25,0.75,4.0
lench taramai,0.0,0.5,0.5,2.0
leopad abeid,0.0,0.0,1.0,1.0
lg,0.0,0.0,1.0,1.0
lga,0.29411764705882354,0.20361990950226244,0.502262443438914,442.0
lga and adb,0.0,0.0,1.0,2.0
lgcbg,1.0,0.0,0.0,3.0
lgcd,1.0,0.0,0.0,1.0
lgcdg,0.38461538461538464,0.0,0.6153846153846154,13.0
lgcgd,1.0,0.0,0.0,1.0
lgdbg,1.0,0.0,0.0,1.0
lgdcg,0.3333333333333333,0.0,0.6666666666666666,3.0
lidep,0.3333333333333333,0.0,0.6666666666666666,3.0
lifetime,0.5,0.08333333333333333,0.4166666666666667,12.0
lion clu,1.0,0.0,0.0,1.0
lions,0.75,0.0,0.25,4.0
lions c,0.0,0.0,1.0,1.0
lions club,0.2,0.0,0.8,5.0
lions club kilimanjaro,0.0,0.0,1.0,1.0
lips,0.5555555555555556,0.25925925925925924,0.18518518518518517,27.0
lisa,0.5,0.0,0.5,2.0
liuwassa,1.0,0.0,0.0,3.0
livin,0.8125,0.0,0.1875,16.0
living water international,0.7142857142857143,0.0,0.2857142857142857,14.0
liz,1.0,0.0,0.0,1.0
lizad,0.0,0.0,1.0,1.0
local,0.7142857142857143,0.0,0.2857142857142857,7.0
loliondo parish,0.75,0.0,0.25,4.0
loliondo secondary,0.5,0.25,0.25,4.0
long ga,1.0,0.0,0.0,1.0
longido sec school,1.0,0.0,0.0,4.0
loocip,1.0,0.0,0.0,1.0
losaa-kia water supply,0.9193548387096774,0.0,0.08064516129032258,62.0
losakia water supply,1.0,0.0,0.0,5.0
lotary club,0.0,1.0,0.0,2.0
lotary international,1.0,0.0,0.0,1.0
lottery,1.0,0.0,0.0,1.0
lottery club,1.0,0.0,0.0,8.0
louise elucas sala,0.0,0.0,1.0,1.0
lowasa,0.9166666666666666,0.0,0.08333333333333333,12.0
luali kaima,0.0,0.0,1.0,1.0
luchelegu primary school,0.0,0.0,1.0,1.0
luka,0.0,0.0,1.0,1.0
luke samaras ltd,1.0,0.0,0.0,1.0
lungwe,0.0,0.0,1.0,1.0
lusajo,0.0,0.0,1.0,1.0
luthe,0.9545454545454546,0.045454545454545456,0.0,22.0
lutheran,0.0,0.0,1.0,4.0
lutheran church,0.75,0.08333333333333333,0.16666666666666666,12.0
lvemp,0.0,0.0,1.0,3.0
lvia,0.46258503401360546,0.07482993197278912,0.46258503401360546,147.0
lwf,1.0,0.0,0.0,2.0
lwi,0.7222222222222222,0.19444444444444445,0.08333333333333333,72.0
lwi & central government,1.0,0.0,0.0,3.0
lwiji italy,1.0,0.0,0.0,16.0
m,1.0,0.0,0.0,1.0
m and p,1.0,0.0,0.0,1.0
ma,0.0,0.0,1.0,1.0
maajabu pima,0.0,0.0,1.0,1.0
maashumu mohamed,1.0,0.0,0.0,1.0
mac,1.0,0.0,0.0,6.0
machibya guma,1.0,0.0,0.0,1.0
madaraweshi,1.0,0.0,0.0,1.0
madra,0.0,1.0,0.0,1.0
maerere,1.0,0.0,0.0,1.0
mafwimbo,1.0,0.0,0.0,1.0
magadini makiwaru water,1.0,0.0,0.0,4.0
magadini-makiwaru water,0.9771428571428571,0.011428571428571429,0.011428571428571429,175.0
magani,0.0,0.0,1.0,1.0
magereza,0.0,1.0,0.0,2.0
magige,1.0,0.0,0.0,1.0
magoma adp,1.0,0.0,0.0,19.0
magu food security,1.0,0.0,0.0,1.0
magul,1.0,0.0,0.0,1.0
magutu maro,1.0,0.0,0.0,1.0
mahemba,1.0,0.0,0.0,1.0
mahita,0.0,0.0,1.0,1.0
majengo prima,0.0,0.0,1.0,1.0
maji mugumu,0.9473684210526315,0.0,0.05263157894736842,19.0
maju mugumu,1.0,0.0,0.0,1.0
makanga,1.0,0.0,0.0,1.0
makanya sisal estate,0.0,1.0,0.0,1.0
makapuchini,0.0,0.0,1.0,1.0
makli,1.0,0.0,0.0,1.0
makombo,0.0,0.0,1.0,1.0
makona,1.0,0.0,0.0,1.0
makondakonde water population,0.0,0.0,1.0,1.0
makonde,1.0,0.0,0.0,6.0
makonde water population,0.10526315789473684,0.10526315789473684,0.7894736842105263,19.0
makonde water supply,0.3333333333333333,0.0,0.6666666666666666,3.0
makonder,1.0,0.0,0.0,1.0
makori,1.0,0.0,0.0,1.0
makoye masanzu,1.0,0.0,0.0,2.0
makundya,1.0,0.0,0.0,1.0
makuru,1.0,0.0,0.0,2.0
makusa,1.0,0.0,0.0,1.0
malec,1.0,0.0,0.0,3.0
males,1.0,0.0,0.0,1.0
maliasili,1.0,0.0,0.0,1.0
malola,0.0,0.0,1.0,1.0
mama ku,1.0,0.0,0.0,1.0
mama mery nagu,1.0,0.0,0.0,2.0
mamad,0.5714285714285714,0.21428571428571427,0.21428571428571427,14.0
mamaz,1.0,0.0,0.0,1.0
mambe,1.0,0.0,0.0,1.0
mamlaka ya maji ngara,0.875,0.125,0.0,8.0
mamvua kakungu,0.0,0.0,1.0,1.0
mango tree,0.0,0.0,1.0,1.0
manyota primary school,1.0,0.0,0.0,1.0
manyovu agriculture institute,1.0,0.0,0.0,1.0
marafin,0.0,0.0,1.0,1.0
marafip,0.25,0.029411764705882353,0.7205882352941176,68.0
marke,1.0,0.0,0.0,1.0
maro,1.0,0.0,0.0,2.0
maro kyariga,1.0,0.0,0.0,1.0
marumbo community,0.0,0.0,1.0,1.0
masai land,1.0,0.0,0.0,1.0
maseka community,1.0,0.0,0.0,1.0
masese,1.0,0.0,0.0,1.0
mashaka,0.0,0.5,0.5,2.0
masista,1.0,0.0,0.0,1.0
maswi drilling co. ltd,0.0,0.0,1.0,1.0
mataro,1.0,0.0,0.0,2.0
matata selemani,1.0,0.0,0.0,1.0
matimbwa sec,1.0,0.0,0.0,1.0
matogoro,1.0,0.0,0.0,1.0
matyenye,1.0,0.0,0.0,1.0
mavuno ngo,0.5,0.0,0.5,4.0
maxavella,0.9230769230769231,0.0,0.07692307692307693,13.0
mayiro,1.0,0.0,0.0,1.0
mazaro kabula,1.0,0.0,0.0,1.0
mbeje,0.0,0.0,1.0,1.0
mbiusa,0.0,0.0,1.0,1.0
mbiuwasa,0.7714285714285715,0.02857142857142857,0.2,35.0
mboma,0.16666666666666666,0.0,0.8333333333333334,6.0
mboni salehe,1.0,0.0,0.0,1.0
mbozi district council,0.5714285714285714,0.2857142857142857,0.14285714285714285,7.0
mbozi hospital,1.0,0.0,0.0,1.0
mbozi secondary school,1.0,0.0,0.0,1.0
mbunge,0.6666666666666666,0.0,0.3333333333333333,18.0
mbuzi mawe,1.0,0.0,0.0,1.0
mbwana omari,0.0,0.0,1.0,1.0
mbwiro,1.0,0.0,0.0,1.0
mchukwi hos,0.6666666666666666,0.0,0.3333333333333333,3.0
md,0.45901639344262296,0.01639344262295082,0.5245901639344263,61.0
mdc,0.6470588235294118,0.058823529411764705,0.29411764705882354,17.0
mdgwc,0.2,0.0,0.8,5.0
mdrdp,0.6162790697674418,0.05813953488372093,0.32558139534883723,86.0
meco,0.0,0.0,1.0,1.0
medicine,0.0,0.0,1.0,1.0
meko balo,1.0,0.0,0.0,1.0
mem,0.3333333333333333,0.0,0.6666666666666666,9.0
member o,0.0,0.0,1.0,1.0
member of parliament,0.125,0.125,0.75,8.0
member of perliament ahmed ali,1.0,0.0,0.0,1.0
menon,0.8571428571428571,0.14285714285714285,0.0,7.0
meru concrete,1.0,0.0,0.0,1.0
methodist church,1.0,0.0,0.0,1.0
mfuko wa jimbo,0.0,0.0,1.0,1.0
mfuko wa jimbo la magu,1.0,0.0,0.0,1.0
mganga,1.0,0.0,0.0,1.0
mgaya,1.0,0.0,0.0,1.0
mgaya masese,1.0,0.0,0.0,1.0
mgm,0.0,0.0,1.0,5.0
mh an,0.0,0.0,1.0,12.0
mh kapuya,0.6666666666666666,0.0,0.3333333333333333,3.0
mh.chiza,1.0,0.0,0.0,1.0
mh.j s sumari,1.0,0.0,0.0,1.0
mheza distric counc,0.5,0.0,0.5,6.0
mhina,0.0,0.0,1.0,1.0
mhoranzi,0.0,0.0,1.0,1.0
mhuzu,0.0,1.0,0.0,1.0
mi,0.625,0.0625,0.3125,16.0
miab,1.0,0.0,0.0,1.0
mianz,1.0,0.0,0.0,3.0
mikumi g,0.0,0.0,1.0,1.0
milenia,0.375,0.0,0.625,8.0
mileniam project,0.7692307692307693,0.0,0.23076923076923078,26.0
millenium,1.0,0.0,0.0,10.0
minis,0.5,0.0,0.5,4.0
ministry of agricultura,1.0,0.0,0.0,1.0
ministry of education,0.6666666666666666,0.0,0.3333333333333333,6.0
ministry of healthy,0.5,0.0,0.5,2.0
ministry of water,0.3254237288135593,0.03220338983050847,0.6423728813559322,590.0
minjingu,0.3333333333333333,0.0,0.6666666666666666,3.0
miomb,0.0,0.0,1.0,3.0
misana george,1.0,0.0,0.0,1.0
misheni,1.0,0.0,0.0,1.0
misri government,0.0,0.0,1.0,1.0
missi,0.6551724137931034,0.022988505747126436,0.3218390804597701,87.0
missio,1.0,0.0,0.0,2.0
mission,0.7408637873754153,0.04983388704318937,0.20930232558139536,301.0
missionaries,0.4166666666666667,0.5416666666666666,0.041666666666666664,24.0
missionary,0.3333333333333333,0.0,0.6666666666666666,3.0
mitema,0.0,0.0,1.0,1.0
miziriol,0.9782608695652174,0.0,0.021739130434782608,46.0
mkinga  distric cou,0.9193548387096774,0.0,0.08064516129032258,62.0
mkinga distric coun,0.8066666666666666,0.0,0.19333333333333333,150.0
mkulima,0.0,0.0,1.0,1.0
mkuluku,1.0,0.0,0.0,1.0
mkurugenzi,0.0,0.0,1.0,1.0
mkuyu,0.7647058823529411,0.17647058823529413,0.058823529411764705,17.0
mmanya abdallah,1.0,0.0,0.0,1.0
mmem,0.0,0.3333333333333333,0.6666666666666666,3.0
mmg gold mine,1.0,0.0,0.0,2.0
mnyama,1.0,0.0,0.0,1.0
mnyambe,1.0,0.0,0.0,1.0
mnyamisi jumaa,1.0,0.0,0.0,1.0
morad,0.0,1.0,0.0,1.0
moradi,1.0,0.0,0.0,2.0
moravian,0.25,0.0,0.75,4.0
moroil,0.875,0.0,0.125,8.0
morovian,0.6666666666666666,0.0,0.3333333333333333,3.0
morovian church,0.5,0.0,0.5,8.0
morrovian,1.0,0.0,0.0,1.0
moses,1.0,0.0,0.0,1.0
moshono adp,0.0,0.0,1.0,1.0
moslem foundation,0.16666666666666666,0.0,0.8333333333333334,6.0
mosque,0.6153846153846154,0.0,0.38461538461538464,13.0
mosqure,0.0,0.0,1.0,1.0
motiba manyanya,1.0,0.0,0.0,1.0
motiba wambura,1.0,0.0,0.0,1.0
mow,0.0,0.0,1.0,1.0
moyowosi basin,1.0,0.0,0.0,1.0
mp,0.0,0.0,1.0,2.0
mp mloka,1.0,0.0,0.0,1.0
mp mzeru,0.8,0.0,0.2,5.0
mrtc,1.0,0.0,0.0,1.0
ms,0.8809523809523809,0.0,0.11904761904761904,42.0
ms-danish,1.0,0.0,0.0,1.0
msabi,1.0,0.0,0.0,17.0
msf,0.25,0.45,0.3,20.0
msf/tacare,0.5384615384615384,0.46153846153846156,0.0,13.0
msigw,1.0,0.0,0.0,1.0
msigwa,1.0,0.0,0.0,1.0
msiki,1.0,0.0,0.0,1.0
msikiti,0.1875,0.0,0.8125,16.0
msikiti masji,1.0,0.0,0.0,1.0
msikitini,0.0,0.0,1.0,1.0
mstiiti,1.0,0.0,0.0,1.0
msudi,1.0,0.0,0.0,1.0
mtambo,0.0,0.0,1.0,1.0
mtc,1.0,0.0,0.0,2.0
mtewe,0.0,0.0,1.0,1.0
mtibwa s,0.0,0.0,1.0,3.0
mtuwasa,0.625,0.125,0.25,8.0
mtuwasa and community,1.0,0.0,0.0,3.0
muhameid na,0.5,0.0,0.5,2.0
muhindi,1.0,0.0,0.0,1.0
muhochi kissaka,1.0,0.0,0.0,1.0
muislam,1.0,0.0,0.0,1.0
muivaru,1.0,0.0,0.0,1.0
mungaya,1.0,0.0,0.0,1.0
municipal council,1.0,0.0,0.0,1.0
muniko,1.0,0.0,0.0,1.0
musilim agency,0.25,0.0,0.75,4.0
muslim society,0.0,0.0,1.0,1.0
muslim world,0.0,0.0,1.0,1.0
muslimehefen international,0.0,0.0,1.0,1.0
muslims,0.7,0.2,0.1,10.0
muslimu society(shia),0.0,0.0,1.0,1.0
muwasa,0.0,0.0,1.0,1.0
muwsa,0.7102803738317757,0.0,0.2897196261682243,107.0
mwakabalula,1.0,0.0,0.0,1.0
mwakalinga,0.0,0.0,1.0,1.0
mwakifuna,0.0,0.0,1.0,1.0
mwalimu  maneromango muhenzi,1.0,0.0,0.0,1.0
mwalimu muhenza,1.0,0.0,0.0,1.0
mwalimu omari,1.0,0.0,0.0,1.0
mwamama,1.0,0.0,0.0,1.0
mwamvita rajabu,0.0,0.0,1.0,1.0
mwanaisha mwidadi,1.0,0.0,0.0,1.0
mwanamisi ally,0.0,0.0,1.0,1.0
mwanga town water authority,0.75,0.0,0.25,4.0
mwanza,0.0,0.0,1.0,1.0
mwaya mn,0.6363636363636364,0.36363636363636365,0.0,22.0
mwelia estate,0.0,0.0,1.0,3.0
mwigicho,1.0,0.0,0.0,2.0
mwingereza,1.0,0.0,0.0,1.0
mwinjuma mzee,1.0,0.0,0.0,1.0
mwita,1.0,0.0,0.0,1.0
mwita kichere,1.0,0.0,0.0,1.0
mwita lucas,1.0,0.0,0.0,1.0
mwita machota,1.0,0.0,0.0,1.0
mwita mahiti,1.0,0.0,0.0,1.0
mwita muremi,1.0,0.0,0.0,2.0
mwl. nyerere sec. school,1.0,0.0,0.0,2.0
mwl.mwita,1.0,0.0,0.0,1.0
mws,0.2857142857142857,0.14285714285714285,0.5714285714285714,7.0
mzee don,0.3333333333333333,0.6666666666666666,0.0,3.0
mzee lesilali,1.0,0.0,0.0,1.0
mzee mabena,0.0,1.0,0.0,1.0
mzee mkungata,0.0,0.0,1.0,1.0
mzee ngwatu,1.0,0.0,0.0,1.0
mzee omari,0.5,0.0,0.5,2.0
mzee salum bakari darus,0.0,1.0,0.0,1.0
mzee sh,1.0,0.0,0.0,1.0
mzee shindika,0.0,0.0,1.0,1.0
mzee smith,0.0,0.0,1.0,1.0
mzee waziri tajari,0.0,0.0,1.0,1.0
mzee yassin naya,1.0,0.0,0.0,1.0
mzinga a,1.0,0.0,0.0,9.0
mzung,1.0,0.0,0.0,2.0
mzungu,1.0,0.0,0.0,1.0
mzungu paul,0.0,0.0,1.0,6.0
nado,0.9,0.1,0.0,10.0
namungo miners,1.0,0.0,0.0,1.0
nasan,0.0,0.0,1.0,1.0
nassan,0.0,0.0,1.0,1.0
nassor fehed,0.0,0.0,1.0,3.0
natherland,0.0,0.0,1.0,1.0
natio,1.0,0.0,0.0,1.0
national park,1.0,0.0,0.0,1.0
national rural,0.6612903225806451,0.03225806451612903,0.3064516129032258,62.0
national rural (wb),1.0,0.0,0.0,1.0
national rural and hfa,0.9166666666666666,0.0,0.08333333333333333,12.0
nazalet church,1.0,0.0,0.0,1.0
nazaleti,1.0,0.0,0.0,1.0
nazareth church,1.0,0.0,0.0,2.0
ncaa,0.5555555555555556,0.1746031746031746,0.2698412698412698,63.0
nchagwa,1.0,0.0,0.0,2.0
ncs,0.0,1.0,0.0,1.0
nddp,0.0,0.0,1.0,2.0
ndm,0.0,0.0,1.0,1.0
ndolezi,1.0,0.0,0.0,1.0
ndorobo tours,1.0,0.0,0.0,1.0
ndrdp,0.5256410256410257,0.16666666666666666,0.3076923076923077,78.0
nduku village,0.0,0.0,1.0,3.0
neemia mission,1.0,0.0,0.0,2.0
nerthlands,0.0,0.0,1.0,1.0
nethalan,0.3355263157894737,0.10526315789473684,0.5592105263157895,152.0
nethe,0.4230769230769231,0.11538461538461539,0.46153846153846156,26.0
netherla,0.0,0.0,1.0,1.0
netherland,0.75,0.0,0.25,4.0
netherlands,0.7297872340425532,0.029787234042553193,0.2404255319148936,470.0
ngelepo group,1.0,0.0,0.0,1.0
nginila,0.0,0.0,1.0,1.0
ngiresi village community,1.0,0.0,0.0,3.0
ngo,1.0,0.0,0.0,1.0
ngos,0.5,0.0,0.5,6.0
ngumi,1.0,0.0,0.0,1.0
niger,0.0,0.0,1.0,2.0
nimrodi mkono[mb],0.0,0.0,1.0,1.0
nipon & panoco,1.0,0.0,0.0,1.0
nirad,1.0,0.0,0.0,2.0
njula,0.0,0.0,1.0,1.0
nk,0.25,0.125,0.625,8.0
nmdc india,0.0,0.0,1.0,1.0
no,0.3805970149253731,0.03731343283582089,0.582089552238806,134.0
noeli mahobokela,1.0,0.0,0.0,1.0
none,0.5,0.0,0.5,2.0
norad,0.338562091503268,0.21568627450980393,0.44575163398692813,765.0
norad /government,0.25,0.1,0.65,20.0
norad/ kidep,0.45,0.05,0.5,20.0
norad/ tassaf,1.0,0.0,0.0,2.0
norad/ tassaf ii,1.0,0.0,0.0,2.0
norad/government,1.0,0.0,0.0,1.0
norad/japan,0.0,0.0,1.0,1.0
norad/rudep,0.0,0.0,1.0,1.0
norani,0.0,0.0,1.0,1.0
nordic,0.0,0.0,1.0,1.0
norplan,1.0,0.0,0.0,1.0
norway aid,0.0,0.0,1.0,1.0
noshad,0.0,0.0,1.0,1.0
noshadi,0.0,0.0,1.0,1.0
not known,0.4074074074074074,0.037037037037037035,0.5555555555555556,27.0
nrwssp,1.0,0.0,0.0,4.0
nsc,0.0,0.4,0.6,5.0
nssf,1.0,0.0,0.0,1.0
null,0.5449793672627236,0.12022008253094911,0.3348005502063274,3635.0
nwssp,0.5,0.5,0.0,2.0
nyabarongo kegoro,1.0,0.0,0.0,1.0
nyabibuye islamic center,0.0,1.0,0.0,1.0
nyabweta,1.0,0.0,0.0,1.0
nyahale,1.0,0.0,0.0,1.0
nyakaho mwita,1.0,0.0,0.0,1.0
nyamasagi,1.0,0.0,0.0,1.0
nyamingu subvillage,0.0,0.0,1.0,1.0
nyamongo gold mining,1.0,0.0,0.0,4.0
nyamuhanga maro,1.0,0.0,0.0,1.0
nyangere,1.0,0.0,0.0,1.0
nyanza road,1.0,0.0,0.0,1.0
nyeisa,1.0,0.0,0.0,1.0
nyitamboka,1.0,0.0,0.0,1.0
o,1.0,0.0,0.0,1.0
oak'zion' and bugango b' commu,0.0,0.0,1.0,1.0
obadia,0.0,0.0,1.0,1.0
obc,0.5,0.0,0.5,6.0
oda,1.0,0.0,0.0,2.0
oikos,1.0,0.0,0.0,3.0
oikos e .africa/european union,0.75,0.0,0.25,4.0
oikos e.africa/ european union,1.0,0.0,0.0,1.0
oikos e.africa/european union,0.9696969696969697,0.0,0.030303030303030304,33.0
oikos e.afrika,0.9225806451612903,0.0064516129032258064,0.07096774193548387,155.0
okutu village community,0.0,0.0,1.0,1.0
ola,0.0,0.0,1.0,5.0
old nyika company,1.0,0.0,0.0,1.0
oldadai village community,0.6666666666666666,0.0,0.3333333333333333,3.0
oldonyolengai,0.0,0.0,1.0,4.0
olgilai village community,0.6428571428571429,0.0,0.35714285714285715,14.0
olumuro,0.875,0.0,0.125,8.0
omar ally,0.0,0.0,1.0,1.0
omar rafael,1.0,0.0,0.0,1.0
omary issa,1.0,0.0,0.0,2.0
one desk one chair,1.0,0.0,0.0,1.0
one un,0.5,0.05555555555555555,0.4444444444444444,18.0
opec,0.0,0.0,1.0,1.0
orphanage,1.0,0.0,0.0,1.0
otelo bussiness company,0.0,0.0,1.0,1.0
others,0.0,1.0,0.0,2.0
othod,1.0,0.0,0.0,1.0
overland high school,0.0,0.0,1.0,1.0
overnment,1.0,0.0,0.0,1.0
owner pingo c,1.0,0.0,0.0,1.0
ox,0.5,0.0,0.5,2.0
oxfam,0.6629526462395543,0.1309192200557103,0.20612813370473537,359.0
oxfam gb,0.4166666666666667,0.08333333333333333,0.5,12.0
oxfarm,0.5397727272727273,0.13636363636363635,0.32386363636363635,176.0
oxfarm gb,0.0,0.0,1.0,1.0
p,0.631578947368421,0.2631578947368421,0.10526315789473684,19.0
pad,1.0,0.0,0.0,4.0
padep,0.5942028985507246,0.043478260869565216,0.36231884057971014,69.0
padep(mifugo),0.0,1.0,0.0,1.0
padi,1.0,0.0,0.0,1.0
padri,1.0,0.0,0.0,1.0
padri k,1.0,0.0,0.0,1.0
padri matayo,0.0,0.0,1.0,1.0
paffect mwanaindi,1.0,0.0,0.0,1.0
pag church,1.0,0.0,0.0,1.0
pancrasi,1.0,0.0,0.0,1.0
pangadeco,0.0,0.0,1.0,1.0
pankrasi,1.0,0.0,0.0,1.0
panone,1.0,0.0,0.0,1.0
parastatal,1.0,0.0,0.0,7.0
parastatal an,1.0,0.0,0.0,1.0
partage,0.5925925925925926,0.2222222222222222,0.18518518518518517,27.0
paskali,0.0,0.0,1.0,1.0
pataji,1.0,0.0,0.0,6.0
patrick,0.0,1.0,0.0,1.0
patuu,0.0,0.3333333333333333,0.6666666666666666,3.0
paulo sange,0.0,0.0,1.0,1.0
pci,0.3333333333333333,0.0,0.6666666666666666,9.0
pdi,1.0,0.0,0.0,1.0
peace cope,0.0,0.0,1.0,19.0
pema,1.0,0.0,0.0,1.0
pentecost,1.0,0.0,0.0,1.0
pentecosta church,0.6666666666666666,0.0,0.3333333333333333,3.0
pentecosta seela,1.0,0.0,0.0,1.0
pentecostal,1.0,0.0,0.0,1.0
pentecostal church,0.5,0.5,0.0,2.0
pentecostal hagana sweeden,1.0,0.0,0.0,1.0
pentekoste,1.0,0.0,0.0,1.0
people from egypt,1.0,0.0,0.0,1.0
people from japan,0.5,0.0,0.5,2.0
people of japan,0.8888888888888888,0.0,0.1111111111111111,9.0
people of sweden,1.0,0.0,0.0,1.0
perusi bhoke,1.0,0.0,0.0,1.0
peter,0.0,0.5,0.5,2.0
peter mayiro,1.0,0.0,0.0,1.0
peter ngereka,1.0,0.0,0.0,1.0
peter tesha,0.9333333333333333,0.06666666666666667,0.0,30.0
peters,0.46875,0.125,0.40625,32.0
petro patrice,1.0,0.0,0.0,1.0
pidp,0.3888888888888889,0.0,0.6111111111111112,18.0
piscop,1.0,0.0,0.0,1.0
piscope,0.0,0.0,1.0,1.0
pius msekwa,0.0,0.0,1.0,1.0
piusi,1.0,0.0,0.0,1.0
plan,1.0,0.0,0.0,1.0
plan int,0.5948717948717949,0.005128205128205128,0.4,195.0
plan internatio,0.38461538461538464,0.15384615384615385,0.46153846153846156,26.0
plan international,0.631578947368421,0.05263157894736842,0.3157894736842105,57.0
plan tanzania,1.0,0.0,0.0,1.0
pmo,0.125,0.375,0.5,16.0
po,0.7,0.03333333333333333,0.26666666666666666,30.0
poland sec school,1.0,0.0,0.0,1.0
pori la akiba kigosi,0.0,0.0,1.0,1.0
pr,0.6666666666666666,0.0,0.3333333333333333,3.0
presadom,0.3333333333333333,0.0,0.6666666666666666,3.0
prf,1.0,0.0,0.0,12.0
primo zunda,1.0,0.0,0.0,1.0
prince medium school,0.0,0.0,1.0,1.0
priva,1.0,0.0,0.0,5.0
private,0.7932203389830509,0.023728813559322035,0.18305084745762712,295.0
private co,1.0,0.0,0.0,1.0
private individual,0.8353510895883777,0.021791767554479417,0.14285714285714285,826.0
private individul,0.0,1.0,0.0,1.0
private institutions,1.0,0.0,0.0,1.0
private owned,0.9285714285714286,0.0,0.07142857142857142,14.0
private person,0.0,0.0,1.0,1.0
prodap,1.0,0.0,0.0,1.0
prof. saluati,1.0,0.0,0.0,1.0
professor ben ohio university,1.0,0.0,0.0,8.0
pwagu,1.0,0.0,0.0,1.0
pwc,0.0,0.0,1.0,1.0
q-sem ltd,0.5,0.5,0.0,2.0
quick,0.5,0.0,0.5,6.0
quick win,0.0,1.0,0.0,1.0
quick win project,1.0,0.0,0.0,3.0
quick win project /council,0.0,0.0,1.0,3.0
quick win/halmashauri,0.0,0.0,1.0,1.0
quick wings,0.75,0.0625,0.1875,16.0
quick wins,0.9333333333333333,0.0,0.06666666666666667,15.0
quick wins scheme,1.0,0.0,0.0,1.0
quicklw,1.0,0.0,0.0,1.0
quickwi,1.0,0.0,0.0,4.0
quickwins,0.0,0.0,1.0,1.0
quik,0.0,1.0,0.0,3.0
quwkwin,0.2692307692307692,0.0,0.7307692307692307,26.0
qwckwin,1.0,0.0,0.0,1.0
qwekwin,0.0,0.0,1.0,1.0
qwick win,0.0,0.0,1.0,1.0
qwickwin,0.16666666666666666,0.0,0.8333333333333334,12.0
qwiqwi,0.5384615384615384,0.0,0.46153846153846156,13.0
r,1.0,0.0,0.0,1.0
rada,1.0,0.0,0.0,13.0
rafael michael,1.0,0.0,0.0,1.0
rafik,1.0,0.0,0.0,2.0
railway,0.5,0.5,0.0,2.0
rajab seleman,0.0,0.0,1.0,1.0
rajabu athumani,1.0,0.0,0.0,1.0
ramadhani m. mvugalo,0.0,0.0,1.0,1.0
ramadhani nyambizi,0.0,0.0,1.0,1.0
ramsar,1.0,0.0,0.0,1.0
raramataki,1.0,0.0,0.0,1.0
rarymond ekura,1.0,0.0,0.0,1.0
ras,1.0,0.0,0.0,1.0
rashid,1.0,0.0,0.0,1.0
rashid mahongwe,0.0,0.0,1.0,1.0
rashid seng'ombe,0.0,0.0,1.0,1.0
raurensia,1.0,0.0,0.0,1.0
rc,0.8652173913043478,0.021739130434782608,0.11304347826086956,230.0
rc cathoric,0.25,0.75,0.0,4.0
rc ch,0.875,0.0125,0.1125,80.0
rc churc,0.84,0.0,0.16,25.0
rc church,0.8348909657320872,0.0529595015576324,0.11214953271028037,321.0
rc church/centr,0.5714285714285714,0.14285714285714285,0.2857142857142857,14.0
rc mi,0.0,0.0,1.0,1.0
rc missi,0.0,0.0,1.0,1.0
rc mission,0.5,0.5,0.0,4.0
rc missionary,1.0,0.0,0.0,1.0
rc mofu,0.0,0.0,1.0,1.0
rc msufi,0.0,1.0,0.0,1.0
rc njoro,1.0,0.0,0.0,1.0
rc/dwe,0.0,1.0,0.0,1.0
rc/mission,1.0,0.0,0.0,5.0
rcchurch/cefa,0.4090909090909091,0.045454545454545456,0.5454545454545454,22.0
rdc,0.0,0.0,1.0,16.0
rdws,0.0,0.0,1.0,1.0
re,0.6666666666666666,0.0,0.3333333333333333,6.0
red cross,0.35555555555555557,0.3111111111111111,0.3333333333333333,45.0
redap,0.0,0.0,1.0,2.0
redcross,0.5,0.5,0.0,2.0
redekop digloria,0.0,0.0,1.0,1.0
redep,0.38636363636363635,0.0,0.6136363636363636,44.0
redeso,0.5,0.0,0.5,2.0
redet,0.0,0.0,1.0,1.0
regina group,1.0,0.0,0.0,1.0
regional water engineer arusha,0.3333333333333333,0.4444444444444444,0.2222222222222222,9.0
regwa company of egpty,0.5,0.0,0.5,2.0
regwa company of egypt,0.4,0.2,0.4,5.0
resolute,0.5,0.0,0.5,2.0
resolute golden pride project,1.0,0.0,0.0,1.0
resolute mining,0.7333333333333333,0.0,0.26666666666666666,15.0
resolute mininggolden pride,1.0,0.0,0.0,1.0
revocatus mahatane,1.0,0.0,0.0,1.0
rhobi,1.0,0.0,0.0,1.0
rhobi wambura,1.0,0.0,0.0,1.0
richard m.kyore,1.0,0.0,0.0,1.0
ridep,0.2127659574468085,0.14893617021276595,0.6382978723404256,47.0
rilayo water project,0.0,1.0,0.0,1.0
ringo,0.0,0.0,1.0,1.0
ripati,0.0,0.0,1.0,1.0
rips,0.16666666666666666,0.0,0.8333333333333334,12.0
rished,0.08333333333333333,0.0,0.9166666666666666,24.0
ro,0.6666666666666666,0.0,0.3333333333333333,3.0
robert kampala,0.0,0.0,1.0,1.0
robert loyal,1.0,0.0,0.0,6.0
robert mosi,1.0,0.0,0.0,1.0
rocci ross,1.0,0.0,0.0,2.0
rodri,1.0,0.0,0.0,1.0
romam catholic,1.0,0.0,0.0,1.0
roman,0.8218181818181818,0.03272727272727273,0.14545454545454545,275.0
roman ca,0.75,0.25,0.0,4.0
roman catholic,0.7851239669421488,0.008264462809917356,0.2066115702479339,121.0
roman catholic rulenge diocese,0.7142857142857143,0.14285714285714285,0.14285714285714285,14.0
roman cathoric,0.5,0.0,0.5,2.0
roman cathoric -kilomeni,0.875,0.125,0.0,8.0
roman cathoric church,0.0,0.0,1.0,1.0
roman cathoric same,0.8,0.06666666666666667,0.13333333333333333,15.0
roman cathoric-same,0.5,0.2916666666666667,0.20833333333333334,24.0
roman church,0.0,0.0,1.0,14.0
rombo dalta,1.0,0.0,0.0,2.0
rotary,0.0,0.0,1.0,1.0
rotary club,0.6842105263157895,0.15789473684210525,0.15789473684210525,19.0
rotary club australia,1.0,0.0,0.0,1.0
rotary club kitchener,1.0,0.0,0.0,1.0
rotary club of chico and moshi,1.0,0.0,0.0,1.0
rotary club of usa and moshi,1.0,0.0,0.0,1.0
rotary i,1.0,0.0,0.0,3.0
rotaty club,0.0,0.0,1.0,1.0
rotery c,1.0,0.0,0.0,1.0
rotte,1.0,0.0,0.0,3.0
rssp,0.3333333333333333,0.3333333333333333,0.3333333333333333,3.0
ru,0.21904761904761905,0.01904761904761905,0.7619047619047619,105.0
ruangwa lga,1.0,0.0,0.0,1.0
rudep,0.4198717948717949,0.10576923076923077,0.47435897435897434,312.0
rudep /dwe,0.0,0.0,1.0,1.0
rudep/norad,1.0,0.0,0.0,1.0
rudri,1.0,0.0,0.0,1.0
rumaki,0.0,0.0,1.0,1.0
runda,1.0,0.0,0.0,1.0
rundu man,0.75,0.0,0.25,8.0
runduman,0.4,0.0,0.6,5.0
ruped,0.0,0.5,0.5,2.0
rural,0.0,1.0,0.0,1.0
rural drinking water supply,0.0,0.0,1.0,4.0
rural water department,0.0,0.0,1.0,2.0
rural water supply,0.6666666666666666,0.0,0.3333333333333333,3.0
rural water supply and sanita,0.6153846153846154,0.15384615384615385,0.23076923076923078,13.0
rural water supply and sanitat,0.6,0.08148148148148149,0.31851851851851853,270.0
rusumo game reserve,0.0,0.0,1.0,1.0
ruthe,0.4375,0.0,0.5625,16.0
ruvu darajani,0.0,0.0,1.0,1.0
rv,1.0,0.0,0.0,1.0
rvemp,0.3333333333333333,0.0,0.6666666666666666,3.0
rwi,1.0,0.0,0.0,1.0
rwsp,0.625,0.0,0.375,16.0
rwsso,1.0,0.0,0.0,1.0
rwssp,0.5858806404657934,0.07933042212518195,0.33478893740902477,1374.0
rwssp shinyanga,1.0,0.0,0.0,2.0
rwssp/wsdp,0.8333333333333334,0.16666666666666666,0.0,6.0
rwsssp,0.7142857142857143,0.0,0.2857142857142857,7.0
s,1.0,0.0,0.0,2.0
s. kumar,0.0,0.0,1.0,1.0
s.p.c pre-primary school,1.0,0.0,0.0,1.0
s.s mohamed,1.0,0.0,0.0,1.0
sabemo,0.711864406779661,0.1016949152542373,0.1864406779661017,59.0
sabodo,0.6086956521739131,0.0,0.391304347826087,23.0
sadaqatun jar,1.0,0.0,0.0,1.0
safari camp,1.0,0.0,0.0,1.0
safari roya,0.4,0.0,0.6,5.0
sagaswe,1.0,0.0,0.0,1.0
said hashim,0.0,0.0,1.0,1.0
said omari,0.0,0.0,1.0,1.0
said salum ally,1.0,0.0,0.0,1.0
saidi halfani,0.0,0.0,1.0,1.0
sakwidi,1.0,0.0,0.0,1.0
salamu kita,1.0,0.0,0.0,1.0
saleh zaharani,0.0,0.0,1.0,4.0
salehe,0.0,0.0,1.0,1.0
salim ahmed salim,1.0,0.0,0.0,1.0
salum tambalizeni,1.0,0.0,0.0,1.0
samlo,1.0,0.0,0.0,1.0
samsoni,1.0,0.0,0.0,1.0
samwel,1.0,0.0,0.0,1.0
samweli,1.0,0.0,0.0,1.0
samweli kitana,1.0,0.0,0.0,1.0
samweli mshosha,1.0,0.0,0.0,1.0
san pellegrino,1.0,0.0,0.0,1.0
sangea district council,0.42857142857142855,0.0,0.5714285714285714,7.0
sanje wa,0.8333333333333334,0.16666666666666666,0.0,6.0
sao h,1.0,0.0,0.0,14.0
saudia,0.0,0.0,1.0,1.0
sauwasa,0.5714285714285714,0.14285714285714285,0.2857142857142857,7.0
save the rain usa,0.9642857142857143,0.0,0.03571428571428571,28.0
sawaka,0.5,0.0,0.5,2.0
scharnhorstgymnasium,1.0,0.0,0.0,1.0
scholastica pankrasi,1.0,0.0,0.0,1.0
schoo,1.0,0.0,0.0,3.0
school,0.8571428571428571,0.0,0.14285714285714285,7.0
school adm9nstrarion,1.0,0.0,0.0,2.0
scott,1.0,0.0,0.0,2.0
sda,0.9375,0.0,0.0625,16.0
sda church,1.0,0.0,0.0,1.0
sdg,0.7647058823529411,0.058823529411764705,0.17647058823529413,17.0
sdp,0.0,0.0,1.0,1.0
secondary,0.8333333333333334,0.0,0.16666666666666666,12.0
secondary schoo,0.8333333333333334,0.16666666666666666,0.0,6.0
segera estate,1.0,0.0,0.0,1.0
seif ndago,0.0,0.0,1.0,1.0
sekei village community,1.0,0.0,0.0,20.0
sekondari,1.0,0.0,0.0,1.0
seleman masoud,1.0,0.0,0.0,1.0
seleman rashid,1.0,0.0,0.0,1.0
seleman seif,0.0,0.0,1.0,1.0
selestine mganga,0.0,0.0,1.0,1.0
selikali ya kijiji,0.0,0.0,1.0,1.0
selous g,0.3333333333333333,0.0,0.6666666666666666,3.0
sema,0.66,0.04,0.3,50.0
sema s,1.0,0.0,0.0,1.0
semaki,0.0,0.0,1.0,1.0
semaki k,0.16666666666666666,0.0,0.8333333333333334,6.0
senapa,0.0,0.5,0.5,2.0
sengerema district council,0.75,0.0,0.25,8.0
sent tho,1.0,0.0,0.0,1.0
seram,0.0,0.0,1.0,1.0
serena,1.0,0.0,0.0,3.0
serian,1.0,0.0,0.0,1.0
serikali,0.4146341463414634,0.024390243902439025,0.5609756097560976,41.0
serikali ya kijiji,0.8888888888888888,0.0,0.1111111111111111,9.0
serikari,1.0,0.0,0.0,3.0
serikaru,1.0,0.0,0.0,1.0
seronera,1.0,0.0,0.0,1.0
shabani dunia,0.0,0.0,1.0,1.0
shamte said,0.0,0.0,1.0,1.0
shanta,1.0,0.0,0.0,3.0
sharifa athuman,1.0,0.0,0.0,1.0
shawasa,0.5333333333333333,0.0,0.4666666666666667,45.0
shear muslim,0.0,0.0,1.0,2.0
shekhe,0.0,0.0,1.0,1.0
shelisheli commission,0.0,0.0,1.0,1.0
shinyanga shallow wells,0.0,0.0,1.0,1.0
shipo,0.7800829875518672,0.012448132780082987,0.2074688796680498,241.0
shirika la kinamama na watot,1.0,0.0,0.0,1.0
shule,0.8666666666666667,0.13333333333333333,0.0,15.0
shule ya msingi,0.0,1.0,0.0,1.0
shule ya msingi ufala,0.0,0.0,1.0,1.0
shule ya sekondari ipuli,0.0,0.0,1.0,1.0
si,0.029411764705882353,0.0,0.9705882352941176,34.0
sida,0.32142857142857145,0.07142857142857142,0.6071428571428571,28.0
sido,0.0,0.0,1.0,1.0
sijm,0.2,0.0,0.8,10.0
silinda yetu,1.0,0.0,0.0,1.0
silvester shilingi,1.0,0.0,0.0,1.0
simango kihengu,1.0,0.0,0.0,1.0
simav,0.0,0.0,1.0,1.0
simavi,0.6666666666666666,0.0,0.3333333333333333,3.0
simba lodge,1.0,0.0,0.0,1.0
simmors,0.25,0.0,0.75,4.0
simon lusambi,0.0,0.0,1.0,1.0
simone,1.0,0.0,0.0,1.0
sindida yetu,1.0,0.0,0.0,1.0
singasinga,0.0,0.0,1.0,2.0
singida yetu,0.7619047619047619,0.047619047619047616,0.19047619047619047,21.0
singsinga,0.0,0.0,1.0,1.0
sipdo,0.0,0.0,1.0,1.0
sisa,1.0,0.0,0.0,1.0
sisal estste hale,1.0,0.0,0.0,1.0
siss m. minghetti,0.0,0.0,1.0,1.0
sister francis,1.0,0.0,0.0,2.0
sister makulata,1.0,0.0,0.0,1.0
siter fransis,1.0,0.0,0.0,1.0
siza mayengo,1.0,0.0,0.0,1.0
snv,0.4918032786885246,0.01639344262295082,0.4918032786885246,122.0
snv ltd,0.8,0.1,0.1,10.0
snv-swash,0.5,0.0,0.5,2.0
sobodo,1.0,0.0,0.0,1.0
socie,0.5,0.5,0.0,2.0
soda,0.45,0.0,0.55,40.0
soko la magomeni,1.0,0.0,0.0,1.0
solar villa,0.0,0.0,1.0,2.0
solidame,0.5,0.020833333333333332,0.4791666666666667,48.0
solidarm,0.9433962264150944,0.0,0.05660377358490566,53.0
soliderm,0.6666666666666666,0.0,0.3333333333333333,3.0
songa hospi,0.0,0.0,1.0,1.0
songas,0.3333333333333333,0.037037037037037035,0.6296296296296297,27.0
songea district council,0.4473684210526316,0.0,0.5526315789473685,38.0
songea municipal counci,0.7428571428571429,0.08571428571428572,0.17142857142857143,35.0
sophia wazir,0.0,0.0,1.0,1.0
sowasa,0.42105263157894735,0.0,0.5789473684210527,19.0
sswp,0.0,0.0,1.0,3.0
st,0.9444444444444444,0.05555555555555555,0.0,54.0
st elizabeth majengo,0.0,0.0,1.0,1.0
st gasper,1.0,0.0,0.0,1.0
st magreth church,1.0,0.0,0.0,1.0
st ph,1.0,0.0,0.0,5.0
stabex,1.0,0.0,0.0,1.0
staford higima,0.0,0.0,1.0,1.0
stansilaus,1.0,0.0,0.0,1.0
stantons,1.0,0.0,0.0,3.0
stephano,1.0,0.0,0.0,1.0
stephano paulo,1.0,0.0,0.0,1.0
steven nyangarika,1.0,0.0,0.0,1.0
stp-sustainable tan,0.0,0.0,1.0,1.0
su-ki jang,1.0,0.0,0.0,1.0
sua,1.0,0.0,0.0,2.0
suasa,1.0,0.0,0.0,1.0
subvillage,1.0,0.0,0.0,1.0
sumbawanga munici,0.7058823529411765,0.0,0.29411764705882354,17.0
summit for water,1.0,0.0,0.0,7.0
sumo,0.0,0.0,1.0,1.0
sumriy,0.0,1.0,0.0,1.0
sun-ja na,1.0,0.0,0.0,1.0
sunamco,0.0,0.0,1.0,1.0
suwasa,0.5,0.0,0.5,10.0
svn,1.0,0.0,0.0,2.0
sw,0.0,0.3333333333333333,0.6666666666666666,3.0
swalehe rajab,1.0,0.0,0.0,1.0
swash,0.5,0.0,0.5,2.0
sweden,0.25,0.0,0.75,4.0
swedish,0.5725190839694656,0.0,0.42748091603053434,131.0
sweeden,0.0,0.0,1.0,1.0
swidish,0.5,0.0,0.5,2.0
swifti,1.0,0.0,0.0,1.0
swisland/ mount meru flowers,0.8095238095238095,0.0,0.19047619047619047,21.0
swisland/mount meru flowers,0.5,0.0,0.5,2.0
swiss if,0.8,0.0,0.2,30.0
swiss tr,1.0,0.0,0.0,1.0
t,0.5,0.0,0.5,4.0
ta,0.5686274509803921,0.058823529411764705,0.37254901960784315,51.0
taasaf,1.0,0.0,0.0,1.0
tabea,0.0,0.0,1.0,1.0
taboma,1.0,0.0,0.0,1.0
tabora municipal council,0.22448979591836735,0.0,0.7755102040816326,49.0
tabraki,1.0,0.0,0.0,5.0
tacare,0.64,0.08,0.28,25.0
tacri,1.0,0.0,0.0,1.0
tadeo,1.0,0.0,0.0,1.0
tadepa,0.5,0.0,0.5,2.0
tado,1.0,0.0,0.0,16.0
taees,1.0,0.0,0.0,1.0
taes,1.0,0.0,0.0,1.0
tag,0.7,0.0,0.3,10.0
tag church,0.75,0.0,0.25,4.0
tag church ub,1.0,0.0,0.0,1.0
tag patmo's,1.0,0.0,0.0,2.0
tahea,0.375,0.0625,0.5625,16.0
taipo,1.0,0.0,0.0,1.0
tajiri jumbe lila,0.0,0.0,1.0,1.0
tanap,0.4,0.0,0.6,5.0
tanapa,0.6078431372549019,0.09803921568627451,0.29411764705882354,51.0
tancan,0.0,0.0,1.0,1.0
tancro,0.0,1.0,0.0,1.0
tanedaps society,1.0,0.0,0.0,1.0
tanesco,1.0,0.0,0.0,4.0
tanga cement,1.0,0.0,0.0,1.0
tanload,0.0,1.0,0.0,1.0
tanroad,0.3333333333333333,0.0,0.6666666666666666,3.0
tansi,0.0,0.0,1.0,1.0
tanz egypt technical cooper,0.3333333333333333,0.0,0.6666666666666666,3.0
tanz/egypt technical  co-op,0.0,0.0,1.0,1.0
tanza,0.4318181818181818,0.03409090909090909,0.5340909090909091,88.0
tanzakesho,0.625,0.08333333333333333,0.2916666666666667,24.0
tanzaling,1.0,0.0,0.0,1.0
tanzania,0.7222222222222222,0.1111111111111111,0.16666666666666666,18.0
tanzania /egypt,0.0,0.0,1.0,1.0
tanzania compasion,1.0,0.0,0.0,1.0
tanzania egypt technical co op,1.0,0.0,0.0,1.0
tanzania journey,0.0,0.0,1.0,1.0
tarangire park,1.0,0.0,0.0,1.0
tardo,0.7398373983739838,0.17886178861788618,0.08130081300813008,123.0
tareto,1.0,0.0,0.0,1.0
tasa,1.0,0.0,0.0,1.0
tasad,1.0,0.0,0.0,1.0
tasae,1.0,0.0,0.0,1.0
tasaf,0.5621436716077537,0.07297605473204105,0.36488027366020526,877.0
tasaf 1,0.0,0.0,1.0,1.0
tasaf and lga,1.0,0.0,0.0,2.0
tasaf and mmem,1.0,0.0,0.0,1.0
tasaf ii,1.0,0.0,0.0,1.0
tasaf/dmdd,0.9411764705882353,0.0,0.058823529411764705,17.0
tasaf/tlc,1.0,0.0,0.0,1.0
tasafu,0.6,0.0,0.4,10.0
tasef,0.0,0.5,0.5,2.0
tasf,1.0,0.0,0.0,1.0
tassaf,0.6120689655172413,0.09482758620689655,0.29310344827586204,116.0
tassaf i,0.23076923076923078,0.07692307692307693,0.6923076923076923,13.0
tassaf ii,0.3333333333333333,0.0,0.6666666666666666,9.0
tassaf/ danida,1.0,0.0,0.0,6.0
tbl,1.0,0.0,0.0,1.0
tcrs,0.4003322259136213,0.061461794019933555,0.5382059800664452,602.0
tcrs /care,0.6666666666666666,0.0,0.3333333333333333,3.0
tcrs /government,0.75,0.25,0.0,4.0
tcrs kibondo,1.0,0.0,0.0,1.0
tcrs.tlc,0.6,0.0,0.4,5.0
tcrs/care,1.0,0.0,0.0,2.0
tcrs/village community,0.0,0.0,1.0,1.0
tcrst,0.0,0.0,1.0,1.0
tdft,0.43902439024390244,0.024390243902439025,0.5365853658536586,41.0
tdrs,0.0,0.0,1.0,1.0
team rafiki,0.0,0.0,1.0,1.0
tempo,0.5,0.0,0.5,2.0
ten degree hotel,1.0,0.0,0.0,2.0
teonas wambura,1.0,0.0,0.0,1.0
teresa munyama,1.0,0.0,0.0,1.0
tgrs,1.0,0.0,0.0,1.0
tgt,1.0,0.0,0.0,1.0
tgts,0.5,0.25,0.25,4.0
tgz,0.0,0.0,1.0,1.0
the desk and chair foundat,0.7096774193548387,0.0,0.2903225806451613,31.0
the isla,0.9230769230769231,0.0,0.07692307692307693,13.0
the islamic,0.5,0.0,0.5,2.0
the people of japan,1.0,0.0,0.0,18.0
theo,0.0,0.0,1.0,1.0
theonas mnyama,1.0,0.0,0.0,1.0
thomasi busigaye,0.0,0.0,1.0,1.0
timothy shindika,1.0,0.0,0.0,1.0
tina/africare,0.0,0.0,1.0,1.0
tingatinga sec school,1.0,0.0,0.0,1.0
tirdo,0.3333333333333333,0.0,0.6666666666666666,3.0
tkc,1.0,0.0,0.0,1.0
tlc,0.46296296296296297,0.018518518518518517,0.5185185185185185,54.0
tlc/community,0.0,0.0,1.0,1.0
tlc/emmanuel kasoga,0.0,0.0,1.0,1.0
tlc/jenus malecha,0.0,0.0,1.0,1.0
tlc/john majala,1.0,0.0,0.0,2.0
tlc/nyengesa masanja,0.0,0.0,1.0,1.0
tlc/samora,0.0,0.0,1.0,1.0
tlc/seleman mang'ombe,0.0,0.0,1.0,1.0
tlc/sorri,1.0,0.0,0.0,1.0
tlc/thimotheo masunga,0.0,0.0,1.0,1.0
tltc,0.5,0.0,0.5,8.0
tom,0.0,0.0,1.0,2.0
toronto-estate,1.0,0.0,0.0,1.0
total land care,0.52,0.0,0.48,25.0
total landcare,0.3333333333333333,0.0,0.6666666666666666,6.0
totaland care,1.0,0.0,0.0,1.0
totoland,1.0,0.0,0.0,2.0
totoland care,0.0,0.0,1.0,4.0
tove,1.0,0.0,0.0,1.0
town council,0.0,1.0,0.0,1.0
tpp,0.3333333333333333,0.6666666666666666,0.0,3.0
tquick wings,1.0,0.0,0.0,1.0
trach,1.0,0.0,0.0,1.0
trachoma,1.0,0.0,0.0,5.0
trc,0.0,1.0,0.0,1.0
tredep,0.625,0.0,0.375,40.0
tredsp,0.0,0.0,1.0,1.0
tree ways german,1.0,0.0,0.0,1.0
treedap,0.0,0.0,1.0,1.0
tridep,0.25,0.0,0.75,12.0
tulawaka gold mine,0.8,0.0,0.2,5.0
tumaini fund,0.0,0.2,0.8,5.0
tuwasa,0.71875,0.0,0.28125,32.0
twe,0.8969072164948454,0.041237113402061855,0.061855670103092786,97.0
twende pamoja,1.0,0.0,0.0,1.0
twesa,0.6071428571428571,0.16071428571428573,0.23214285714285715,56.0
twice,1.0,0.0,0.0,1.0
twig,1.0,0.0,0.0,1.0
tz as,1.0,0.0,0.0,1.0
tz japan,0.9069767441860465,0.0,0.09302325581395349,43.0
u.s.a,0.3333333333333333,0.0,0.6666666666666666,6.0
uaacc,1.0,0.0,0.0,1.0
ubalozi wa japani,1.0,0.0,0.0,1.0
ubalozi wa marekani,0.4444444444444444,0.05555555555555555,0.5,18.0
udc/sema,0.3333333333333333,0.0,0.6666666666666666,3.0
uhai wa mama na mtoto,0.2,0.0,0.8,5.0
uhoranzi,0.6666666666666666,0.0,0.3333333333333333,3.0
ukida,0.0,0.0,1.0,3.0
ukiligu,0.0,0.0,1.0,17.0
umoja,1.0,0.0,0.0,1.0
un,0.85,0.125,0.025,40.0
un habitat,0.0,0.0,1.0,1.0
un/wfp,1.0,0.0,0.0,2.0
undp,0.7558139534883721,0.06976744186046512,0.1744186046511628,86.0
undp/aict,0.23076923076923078,0.23076923076923078,0.5384615384615384,13.0
undp/ilo,0.17857142857142858,0.03571428571428571,0.7857142857142857,28.0
unesco,0.3333333333333333,0.0,0.6666666666666666,3.0
unhcr,0.5109489051094891,0.058394160583941604,0.4306569343065693,137.0
unhcr/danida,1.0,0.0,0.0,1.0
unhcr/government,0.0,0.0,1.0,1.0
unice,0.5966386554621849,0.08403361344537816,0.31932773109243695,119.0
unice/ cspd,0.0,0.0,1.0,1.0
unicef,0.5676442762535477,0.09366130558183539,0.3386944181646168,1057.0
unicef/ csp,0.2857142857142857,0.0,0.7142857142857143,7.0
unicef/african muslim agency,1.0,0.0,0.0,1.0
unicef/central,0.7272727272727273,0.18181818181818182,0.09090909090909091,11.0
unicef/cspd,1.0,0.0,0.0,2.0
uniceg,1.0,0.0,0.0,1.0
unicet,0.0,1.0,0.0,1.0
unicrf,0.0,0.0,1.0,1.0
uniseg,1.0,0.0,0.0,1.0
unknown,0.5,0.0,0.5,4.0
unp/aict,0.0,0.0,1.0,1.0
upendo primary school,1.0,0.0,0.0,1.0
upper ruvu,1.0,0.0,0.0,1.0
ur,1.0,0.0,0.0,1.0
urt,0.6666666666666666,0.0,0.3333333333333333,36.0
us embassy,0.8,0.0,0.2,15.0
usa embassy,1.0,0.0,0.0,3.0
usaid,0.3333333333333333,0.0,0.6666666666666666,3.0
usaid/wfp,0.8,0.2,0.0,5.0
usambala sister,0.0,0.0,1.0,1.0
ustawi,0.6666666666666666,0.0,0.3333333333333333,3.0
uvimaki,0.5,0.0,0.5,2.0
uyoge,1.0,0.0,0.0,3.0
vc,0.0,0.0,1.0,1.0
veo,0.0,0.0,1.0,1.0
vgovernment,1.0,0.0,0.0,1.0
vi,0.6666666666666666,0.0,0.3333333333333333,3.0
vicfish,0.5,0.0,0.5,2.0
vicfish ltd,1.0,0.0,0.0,2.0
vickfis,0.6666666666666666,0.0,0.3333333333333333,3.0
vifaf,0.5,0.5,0.0,2.0
vifafi,0.5714285714285714,0.0,0.42857142857142855,21.0
vififi,1.0,0.0,0.0,2.0
villa,0.6666666666666666,0.16666666666666666,0.16666666666666666,6.0
villaers,1.0,0.0,0.0,2.0
village,0.48,0.04,0.48,25.0
village communi,1.0,0.0,0.0,1.0
village community,0.45454545454545453,0.045454545454545456,0.5,22.0
village contributio,0.0,0.0,1.0,1.0
village council,0.7714285714285715,0.0380952380952381,0.19047619047619047,105.0
village council/ haydom luther,1.0,0.0,0.0,13.0
village council/ rose kawala,1.0,0.0,0.0,1.0
village fund,0.0,0.0,1.0,2.0
village government,0.8148148148148148,0.037037037037037035,0.14814814814814814,27.0
village govt,0.0,0.7142857142857143,0.2857142857142857,7.0
village office,0.5,0.0,0.5,2.0
village res,1.0,0.0,0.0,1.0
village water commission,0.0,0.0,1.0,1.0
villagers,0.7075471698113207,0.16037735849056603,0.1320754716981132,106.0
villagers mpi,1.0,0.0,0.0,1.0
villages,1.0,0.0,0.0,1.0
villege council,0.0,0.0,1.0,1.0
villegers,0.0,1.0,0.0,1.0
villlage contributi,0.0,0.0,1.0,1.0
vn,0.0,0.0,1.0,1.0
vodacom,0.6666666666666666,0.0,0.3333333333333333,3.0
vttp,0.3333333333333333,0.3333333333333333,0.3333333333333333,6.0
vw,0.0,1.0,0.0,1.0
vwc,0.782051282051282,0.0641025641025641,0.15384615384615385,78.0
vwcvc,1.0,0.0,0.0,1.0
vwcvwc,1.0,0.0,0.0,1.0
vwt,1.0,0.0,0.0,1.0
w,0.7222222222222222,0.0,0.2777777777777778,36.0
w.b,0.3588235294117647,0.01764705882352941,0.6235294117647059,170.0
w.c.s,0.8,0.0,0.2,5.0
w.d &,0.0,0.0,1.0,6.0
w.d & i.,0.0,0.2222222222222222,0.7777777777777778,9.0
w.d.&.i.,0.0,0.0,1.0,3.0
w.f.d.p,1.0,0.0,0.0,1.0
wafidhi wa ziwa t,1.0,0.0,0.0,1.0
waheke,1.0,0.0,0.0,1.0
wahidi,0.0,0.0,1.0,1.0
waitaliano,0.0,1.0,0.0,1.0
wajerumani,0.0,0.0,1.0,2.0
walokole,0.2,0.2,0.6,5.0
wama,0.0,0.0,1.0,3.0
wamakapuchini,1.0,0.0,0.0,1.0
wamarekani,0.0,0.0,1.0,1.0
wame mbiki,1.0,0.0,0.0,1.0
wamisionari wa kikatoriki,0.0,1.0,0.0,1.0
wamissionari wa kikatoriki,1.0,0.0,0.0,1.0
wanakijiji,1.0,0.0,0.0,1.0
wanan,0.6,0.4,0.0,5.0
wananchi,0.7950819672131147,0.06557377049180328,0.13934426229508196,122.0
wanginyi water,1.0,0.0,0.0,1.0
wards,1.0,0.0,0.0,1.0
warento,1.0,0.0,0.0,1.0
wate aid/sema,1.0,0.0,0.0,6.0
water,0.4425385934819897,0.13379073756432247,0.4236706689536878,583.0
water /sema,0.0,0.0,1.0,1.0
water aid /sema,0.5735294117647058,0.058823529411764705,0.36764705882352944,68.0
water aid/dwe,0.0,0.0,1.0,1.0
water aid/sema,0.5714285714285714,0.07142857142857142,0.35714285714285715,28.0
water authority,0.0,1.0,0.0,1.0
water board,0.15789473684210525,0.10526315789473684,0.7368421052631579,19.0
water department,1.0,0.0,0.0,1.0
water project mbawala chini,0.6923076923076923,0.0,0.3076923076923077,13.0
water se,0.0,0.0,1.0,1.0
water sector development,0.0,0.0,1.0,3.0
water user as,0.7058823529411765,0.0,0.29411764705882354,34.0
water user group,0.6666666666666666,0.2222222222222222,0.1111111111111111,9.0
wateraid,0.7297297297297297,0.05105105105105105,0.21921921921921922,333.0
watu wa marekani,1.0,0.0,0.0,1.0
watu wa ujerumani,0.17142857142857143,0.0,0.8285714285714286,35.0
wb / district council,0.0,0.0,1.0,2.0
wbk,0.0,0.0,1.0,1.0
wcst,1.0,0.0,0.0,1.0
wd and id,0.0,0.043478260869565216,0.9565217391304348,23.0
wdp,0.0,0.0,1.0,1.0
wdsp,1.0,0.0,0.0,1.0
weepers,1.0,0.0,0.0,1.0
wfp,0.7884615384615384,0.07692307692307693,0.1346153846153846,52.0
wfp/tnt,1.0,0.0,0.0,11.0
wfp/tnt/usaid,1.0,0.0,0.0,14.0
wfp/usaid,1.0,0.0,0.0,3.0
wfp/usaid/tnt,0.6666666666666666,0.3333333333333333,0.0,6.0
william acleus,1.0,0.0,0.0,1.0
williamson diamond ltd,0.7777777777777778,0.0,0.2222222222222222,9.0
wilson,1.0,0.0,0.0,1.0
winkyens,1.0,0.0,0.0,1.0
wirara ya maji,1.0,0.0,0.0,1.0
wizara,0.25,0.0,0.75,4.0
women fo partnership,1.0,0.0,0.0,1.0
women for partnership,0.7777777777777778,0.0,0.2222222222222222,9.0
world bank,0.40400296515937734,0.07190511489992588,0.5240919199406968,1349.0
world bank/government,0.0,0.0,1.0,1.0
world vision,0.5963081861958266,0.10513643659711075,0.2985553772070626,1246.0
world vision/ kkkt,0.8333333333333334,0.0,0.16666666666666666,6.0
world vision/adra,0.10344827586206896,0.0,0.896551724137931,29.0
world vision/rc church,1.0,0.0,0.0,1.0
worldvision,1.0,0.0,0.0,1.0
woyege,0.0,0.0,1.0,1.0
wrssp,0.0,0.2,0.8,5.0
wsdo,0.0,0.0,1.0,1.0
wsdp,0.7051282051282052,0.04700854700854701,0.24786324786324787,234.0
wsdp & sdg,1.0,0.0,0.0,2.0
wspd,1.0,0.0,0.0,2.0
wssp,0.3333333333333333,0.0,0.6666666666666666,3.0
wua,0.8842975206611571,0.0,0.11570247933884298,121.0
wua and ded,0.5,0.0,0.5,2.0
wug and ded,1.0,0.0,0.0,1.0
wvc,1.0,0.0,0.0,4.0
wvt,0.7088607594936709,0.23417721518987342,0.056962025316455694,158.0
wwf,0.6923076923076923,0.0,0.3076923076923077,26.0
wwf / fores,0.0,0.0,1.0,1.0
yaole,0.0,0.0,1.0,1.0
yasi naini,1.0,0.0,0.0,1.0
yasini,0.0,0.0,1.0,1.0
yasini selemani,0.0,0.0,1.0,1.0
zaben,1.0,0.0,0.0,2.0
zaburi and neig,1.0,0.0,0.0,1.0
zao,0.0,0.0,1.0,1.0
zao water spring,1.0,0.0,0.0,3.0
zao water spring x,0.0,0.0,1.0,1.0
zinduka,1.0,0.0,0.0,1.0
zingibali secondary,1.0,0.0,0.0,1.0
total,0.543080808080808,0.07267676767676767,0.3842424242424242,59400.0
