ward,gps_height_s
aghondi,1314.3333333333333
akheri,1369.9555555555555
arash,1891.25
arri,1585.3157894736842
arusha chini,725.2280701754386
babayu,1120.0
badi,44.472300281011655
badugu,141.93068987749842
bahi,1120.0
balangidalalu,1434.2105263157894
baleni,-28.863636363636363
bangata,1619.1515151515152
bangwe,821.2222222222222
baraa,1421.5
bargish,1739.2777777777778
bariadi,188.2421410365336
barikiwa,499.90909090909093
barray,1084.75
bashay,1936.16
bashinet,2041.421052631579
bassodesh,1664.0
bassotu,1691.5555555555557
bendera,461.79411764705884
berega,474.5347349177333
berege,1120.0
bereko,1120.0
bigwa,522.3846153846154
biharamulo urban,1240.0
biirabo,1240.0
binagi,1644.4761904761904
biro,286.4375
bitale,1051.4814814814815
boma,517.0
boma la ng'ombe,1917.0675675675675
bombambili,1087.0
bombo,1356.388888888889
bonde la songwe,1711.0
bondeni,814.0
bonga,1417.4545454545455
bubiki,44.47230028101164
buchambi,44.47230028101163
budakwa,44.472300281011634
budekwa,44.472300281011655
budushi,1233.0
bugandika,1240.0
buganguzi,1240.0
bugarama,665.2270674427946
bugene,1240.0
bugogwe,225.22535211267606
bugomora,1240.0
bugoro,44.47230028101165
bugorora,1240.0
bugwema,1175.2
buhanda businde,829.8181818181819
buhemba,1390.9166666666667
buhendangabo,1240.0
buhigwe,1332.6363636363637
buhingo,141.93068987749842
buhongwa,225.22535211267595
buhoro,1377.6315789473683
bujashi,141.93068987749842
bujonde,1711.0
bujugo,1240.0
bukabwa,1237.0
bukanda,1172.047619047619
bukembe,1240.0
bukene,1233.0
bukiko,1169.2
bukima,1185.5714285714287
bukindo,1154.0
bukiriro,1240.0
bukoko,1233.0
bukoli,141.93068987749845
bukombe,44.47230028101163
bukome,1240.0
bukondo,141.9306898774984
bukongo,1188.4444444444443
bukumbi,1233.0
bukumi,1156.0
bukundi,44.47230028101164
bukura,1188.0
bukwe,1323.4
bukwimba,141.93068987749842
bulige,44.47230028101163
bulongwa,2033.1176470588234
bulungwa,44.47230028101166
bulyakashaju,1240.0
bumbuli,1248.0
bumbuta,1120.0
bumera,104.75164353542729
bumilayinga,1866.3793103448277
bunambiu,44.47230028101165
bunamhala,654.2857142857143
bunda,1285.7666666666667
bunduki,998.1666666666666
bungu,444.89247311827955
bungulwa,141.93068987749842
bunju,46.0
bunyambo,1333.138888888889
bupamwa,141.93068987749842
bupandwamhela,141.93068987749845
bupigu,1711.0
bupu,62.42857142857143
bureza,1240.0
buruma,1273.3529411764705
burungura,1240.0
busagara,1346.4561403508771
busanda,141.9306898774984
busangi,44.47230028101165
busawe,1258.2307692307693
buseresere,1240.0
bushiri,63.03114186851211
busi,1120.0
busilili,44.472300281011606
busisi,141.9306898774984
busole,1711.0
busolwa,141.93068987749842
busongo,141.93068987749842
buswahili,1195.7272727272727
buswelu,991.075
buterankuzi,1240.0
butiama,1412.1515151515152
butimba,1110.7962962962965
butuguri,1351.0
buyagu,141.9306898774984
buyango,1240.0
buziku,1240.0
buzilasoga,141.9306898774984
bwagamoyo,1527.7272727272727
bwakila chini,146.78787878787878
bwakila juu,360.2
bwambo,1682.5
bwanga,1240.0
bwanjai,1240.0
bwasi,1216.0
bwawani,964.5135135135135
bwembera,192.16666666666666
bweni,-9.459999999999999
bwera,1240.0
bweranyange,1240.0
bwiregi,1225.3939393939395
bwiro,1175.357142857143
bwisya,1167.695652173913
chabutwa,1233.0
chakwale,1053.876734842951
chala,1753.7692307692307
chalangwa,1711.0
chali,1120.0
chalinze,169.76530612244898
chamazi,19.0
chambo,44.47230028101164
chamkoroma,1120.0
chandama,1120.0
changaa,1120.0
chanika,131.3918128654971
chanzuru,439.6860465116279
chato,1240.0
chaume,351.3636363636364
chawi,68.52173913043478
chekelei,389.2857142857143
chela,44.47230028101166
chemba,1120.0
chemchem,1233.0
chibe,44.47230028101163
chibelela,1120.0
chienjere,379.1875
chifunfu,141.9306898774984
chigunga,141.93068987749842
chigungu,344.5
chihanga,1120.0
chikola,919.875
chikongola,-19.0
chikonji,93.0
chikuyu,858.4545454545455
chilangala,791.3333333333334
chilionwa,1120.0
chilulumo,1711.0
chimala,1711.0
chinamili,188.2421410365337
chingungwe,422.0769230769231
chinugulu,1120.0
chiola,343.6666666666667
chipanga,1120.0
chiponda,242.76666666666668
chipuputa,360.75
chirombola,364.3076923076923
chisano,305.0
chita,295.03225806451616
chitekete,586.125
chitete,1711.0
chiugutwa,288.7674418604651
chiwanda,468.04347826086956
chiwezi,1711.0
chiwonga,436.8181818181818
chokaa,1711.0
cholesamvula,314.5
choma,1233.0
chome,1600.6363636363637
chomvu,1457.3181818181818
chona,44.47230028101163
chongoleani,19.933333333333334
chumbi,-32.61538461538461
chumo,172.07692307692307
chuno,-44.8
chunyu,102.66179693206715
daa,1474.4705882352941
dabaga,1905.4444444444443
dabalo,1120.0
dabil,1603.1063829787233
dakama,44.47230028101167
dalai,1120.0
daluni,538.6325088339221
daraja mbili,1342.0
dareda,1625.4615384615386
daudi,1791.1666666666667
didia,44.472300281011655
digodigo,1297.75
dihimba,22.238095238095237
dindira,937.1428571428571
diongoya,354.3398058252427
doma,523.5957446808511
dongo,1347.0714285714287
dongobesh,1932.9024390243903
dosidosi,1438.7777777777778
duga,538.6325088339222
dumila,474.5347349177327
dunda,-20.02777777777778
dung'unyi,1550.107142857143
duru,1499.2666666666667
dutwa,188.24214103653355
elerai,1387.5454545454545
endabash,1427.95
endasak,1609.7575757575758
endulen,1623.7916666666667
engarenaibor,1673.6764705882354
engaruka,861.1428571428571
engusero,1458.8125
engutoto,1529.4285714285713
esilalei,979.1111111111111
etaro,1212.1764705882354
euga,352.6470588235294
farkwa,1120.0
fufu,1120.0
fukalo,141.9306898774984
funta,1239.157894736842
gairo,1326.875
galula,1711.0
gamboshi,188.2421410365336
gare,1371.2777777777778
gehandu,1682.0
gelai lumbwa,1244.142857142857
gelai meirugoi,1098.111111111111
gendabi,1655.6521739130435
gera,1240.0
gidahababieg,1499.5
gidas,1557.8947368421052
gisambalang,1455.875
gitting,1824.0
goba,82.48484848484848
gode gode,1120.0
goima,1120.0
gombero,538.6325088339223
gongoni,1233.0
goribe,1381.6666666666667
goweko,1233.0
gua,1711.0
gumanga,1407.909090909091
gumbiro,954.4772727272727
gungu,818.875
gwandi,1120.0
gwanumpu,1353.4705882352941
hai urban,931.6896551724138
haidom,1712.7333333333333
halungu,1711.0
handali,1120.0
haneti,1120.0
haubi,1120.0
hedaru,714.2946428571429
heka azimio,1231.5
hembeti,345.35714285714283
hemtoye,1596.0
heru- ushingo,1265.7857142857142
hidet,1571.5
hirbadaw,1598.4285714285713
hogoro,1120.0
hombolo,1120.0
hungumalwa,141.93068987749845
hunyari,1251.72
huzi,1120.0
ibadakuli,44.47230028101165
ibaga,1198.7142857142858
ibihwa,1120.0
ibiri,1233.0
ibugule,1120.0
ibumi,1110.111111111111
ibwera,1240.0
ichemba,1233.0
ichwankima,1240.0
idahina,44.47230028101165
idamba,1596.423076923077
idete,468.63461538461536
idetemya,141.93068987749845
idifu,1120.0
idodi,927.3555555555556
idodyandole,1277.5
idunda,1396.875
iduo,1120.0
ifakara,234.59701492537314
ifinga,691.0
ifumbo,1711.0
ifunda,1734.8260869565217
igalala,1233.0
igale,1711.0
igalla,1187.235294117647
igalukilo,141.93068987749845
igalula,992.5948977696182
igamba,1711.0
igandu,1120.0
igigwa,1233.0
igogo,141.9306898774984
igombavanu,1660.8823529411766
igombe mkulu,1233.0
igongolo,1689.984496124031
igongwa,141.93068987749842
igosi,2112.7133550488597
igoweko,1233.0
igowole,1886.9761904761904
iguguno,1398.3513513513512
igundu,1184.5384615384614
igunga,1233.0
igurubi,1233.0
igurusi,1711.0
igurwa,1240.0
igusule,1233.0
igwamanoni,44.47230028101163
ihalimba,1877.107142857143
ihanamilo,141.9306898774984
ihanda,1656.8141592920354
ihango,1711.0
ihanja,1506.2089552238806
ihembe,1240.0
ihowanza,1381.7692307692307
ijanija,1233.0
ijombe,1711.0
ijumbi,1240.0
ijunganyondo,1240.0
ikama,1711.0
ikhawoda,1617.076923076923
ikindwa,1233.0
ikinga,1711.0
ikola,772.4827586206897
ikolo,1711.0
ikoma,1490.904761904762
ikondo,842.2919188323243
ikongolo,1233.0
ikowa,1120.0
ikuka,1660.123076923077
ikungu,1485.1
ikunguigazi,44.472300281011634
ikungulyabashashi,188.24214103653364
ikuti,1711.0
ikuwo,2172.1111111111113
ikweha,1577.0
ikwiriri,-14.84
ilagala,855.3333333333334
ilangala,1166.1379310344828
ilela,1147.8823529411766
ilembo,667.2789115646258
ilembula,1477.357142857143
ilemela,789.1950328707087
ilima,1711.0
ilindi,1120.0
ilkiding'a,1669.5
ilola,44.47230028101163
ilolangulu,539.692175163924
ilolo mpya,739.7428571428571
ilonga,363.525
ilongero,1593.3492063492063
ilujamate,141.9306898774984
ilula,1355.5
ilunda,1519.825
ilunde,1152.375
ilungu,1711.0
image,1424.0535714285713
imalamakoye,1233.0
imalaseko,44.472300281011634
imalinyi,1904.218253968254
imesela,44.472300281011634
iniho,2145.24
inyala,1711.0
inyonga,1167.595238095238
ipala,1120.0
ipande,204.50825736556985
ipelele,2354.5384615384614
ipepo,1808.1162790697674
ipera,1120.0
ipililo,44.4723002810116
ipinda,1711.0
ipole,1233.0
iponya,44.47230028101165
ipuli,1233.0
iragua,313.3
iramba,1157.857142857143
iringa mvumi,1120.0
irisya,1452.4
irole,1475.7169811320755
isagehe,44.47230028101166
isagenhe,1233.0
isaka,44.47230028101165
isakamaliwa,1233.0
isalavanu,1713.6666666666667
isale,1635.3548387096773
isandula,1711.0
isanga,44.47230028101166
isange,1711.0
isansa,1711.0
isanzu,1233.0
iselamagazi,44.47230028101165
iseni,141.93068987749842
isevya,1233.0
ishozi,1240.0
ishunju,1240.0
isikizya,1233.0
isingiro,1240.0
isongo,912.3478260869565
isongole,1711.0
isseke,1120.7777777777778
issenye,1286.695652173913
issuwa,1386.4074074074074
isuto,1711.0
itaba,1321.591836734694
itaka,1711.0
itandula,1636.2
itete,189.3347541158296
itetemia,1233.0
itewe,1711.0
itigi,1330.5217391304348
itilima,44.47230028101162
itilo,1233.0
itinje,44.47230028101165
itiso,1120.0
itobo,1233.0
itonjanda,1233.0
itumba,1574.4285714285713
itundu,1233.0
itunduru,1233.0
itunundu,711.9333333333333
itwangi,44.472300281011655
ivuna,1711.0
iwawa,2252.5185185185187
iwiji,1711.0
iwindi,1711.0
iwungilo,1856.5714285714287
iyogela,44.472300281011655
iyogwe,474.5347349177331
iyula,1711.0
iyunga mapinduzi,1711.0
izazi,691.9615384615385
izia,1876.0
izigo,1240.0
izimbya,1240.0
jaila,538.6325088339223
jamhuri,-7.533333333333333
jana,44.47230028101165
janda,1341.171875
jangalo,1120.0
jangwani,-31.928571428571427
jibondo,-43.0
jipe,732.695652173913
kaagya,1240.0
kabanga,1240.0
kabaragaine,1240.0
kabasa,1266.0833333333333
kabita,141.93068987749842
kabuku,372.375
kabula,1711.0
kabungu,1080.2916666666667
kabwe,766.0487804878048
kachwamba,1240.0
kadoto,44.47230028101166
kafita,141.9306898774984
kafule,1711.0
kafunzo,141.9306898774984
kagera nkanda,1113.2307692307693
kagoma,1240.0
kagondo,1240.0
kagongo,944.8938053097345
kagu,141.93068987749842
kagunga,141.9306898774984
kahama urban,44.47230028101163
kahamanhalaga,1233.0
kahangara,141.93068987749842
kahe,706.016393442623
kahe mashariki,712.4871794871794
kahororo,1240.0
kaibanja,1240.0
kainam,1852.6666666666667
kaisho,1240.0
kajunjumele,1711.0
kakesio,1641.0
kakola,1233.0
kakonko,1258.6
kakora,141.93068987749845
kakunyu,1240.0
kala,983.7272727272727
kalamba,1120.0
kalambazite,1690.9473684210527
kalangalala,141.93068987749834
kalebezo,141.93068987749845
kalemela,141.93068987749845
kalenga,1493.7826086956522
kalenge,1240.0
kalinzi,1490.8382352941176
kaliua,1233.0
kaloleni,1424.2
kalulu,726.7058823529412
kalunde,1233.0
kamachumu,1240.0
kambasegese,1711.0
kambikatoto,1711.0
kamena,141.9306898774984
kamhanga,141.9306898774984
kamsamba,1711.0
kamuli,1240.0
kanazi,1240.0
kandaga,1076.063829787234
kandawale,129.0
kandete,1711.0
kanga,252.1034013605441
kanindo,1233.0
kansay,1684.0
kanyangereko,1240.0
kanyelele,141.93068987749842
kanyenye,1233.0
kanyigo,1240.0
kapalala,1711.0
kapele,1711.0
kapilula,1233.0
karambi,1240.0
karanga,841.8571428571429
karatu,1503.15
karema,779.7083333333334
karenge,1169.0
karitu,1233.0
kasamwa,141.93068987749845
kasanda,1324.8666666666666
kasanga,1481.78125
kasela,1233.0
kaselya,1418.138888888889
kaseme,141.9306898774984
kasense,1835.142857142857
kasharu,1240.0
kasharunga,1240.0
kashasha,1240.0
kashaulili,1073.4545454545455
kashenye,1240.0
kashishi,1233.0
kasimbu,823.0
kasingirima,814.375
kasiriri,1678.0
kasokola,1150.2272727272727
kasoli,188.24214103653347
kasololo,141.93068987749845
kassambya,1240.0
kasuga,1292.5714285714287
kasungamile,141.93068987749842
katandala,1824.5
katangara mrere,1663.909090909091
katazi,1748.875
kate,1685.2307692307693
katende,1240.0
katerero,1240.0
katoma,1240.0
katoro,690.9653449387495
katuma,1098.8
katumba,1142.5154528352598
katumbasongwe,1711.0
katunguru,141.93068987749845
katwe,141.93068987749845
kawajense,1095.0
kayanga,1240.0
kazaroho,1233.0
kazazi,1268.1842105263158
kazunzu,141.93068987749842
kebanchabancha,1371.5365853658536
kelamfua mokala,1306.0
kemambo,1269.0
keni  alleni,1164.8
keni mengeni,1458.4938271604938
kenyamonta,1278.9080459770114
kerenge,303.6190476190476
ketumbeine,1526.5294117647059
keza,1240.0
kharumwa,141.93068987749845
kiangara,312.2
kibada,7.166666666666667
kibaha,92.03448275862068
kibaigwa,1120.0
kibakwe,1120.0
kibamba,127.55555555555556
kibanga,1240.0
kibaoni,339.2040816326531
kibara,1158.391304347826
kibasuka,1327.0
kibati,761.7083333333334
kibaya,1533.4285714285713
kibedya,1181.157894736842
kibengu,1918.2916666666667
kiberege,287.85
kibeta,1240.0
kibimba,1240.0
kibindu,363.92
kibingo,1240.0
kibirizi,1240.0
kibiti,151.05084745762713
kibondo,1240.0
kibondo urban,1439.409090909091
kiboriloni,840.6
kibosho kati,1398.2592592592594
kibosho magharibi,1333.0121951219512
kibosho mashariki,1383.0588235294117
kibuta,235.94117647058823
kibutuka,245.0
kichangani,331.47058823529414
kicheba,185.82758620689654
kidaru,1084.8
kidatu,253.05263157894737
kidegembye,1672.2745098039215
kidete,742.9444444444445
kidodi,320.36708860759495
kidodoma,596.9629629629629
kidugalo,179.625
kiegeani,-22.545454545454547
kiegei,409.14285714285717
kifanya,1666.5568181818182
kifula,1353.5714285714287
kighare,1362.2432432432433
kigombe,-17.82758620689655
kigondo,1282.0
kigongo,1240.0
kigonsera,967.0555555555555
kigunga,1265.75
kigwe,1120.0
kihagara,523.8913043478261
kihanga,1240.0
kihangimahuka,1182.0
kihonda,538.3913043478261
kihorogota,1217.642857142857
kihurio,502.4864864864865
kijima,141.9306898774984
kijungu,1279.2
kikatiti,1182.7910447761194
kikole,10.76923076923077
kikombo,1120.0
kikomero,1240.0
kikore,1120.0
kikubiji,141.9306898774984
kikunde,538.632508833922
kikwe,1046.904761904762
kilagano,1025.5384615384614
kilago,44.47230028101163
kilakala,545.6666666666666
kilangali,426.3181818181818
kilelema,1244.0
kilema  kati,1436.4545454545455
kilema kaskazini,1638.9473684210527
kilema kusini,991.7142857142857
kileo,703.6363636363636
kilima rondo,418.84
kilimani,1326.2
kilimatinde,1100.3142857142857
kilimilire,1240.0
kilindoni,-17.404255319148938
kilolambwani,16.1
kiloleli,522.4977590031182
kiloleni,1233.0
kiloli,1233.0
kilomeni,1530.0
kilosa,475.8809523809524
kilosa mpepo,321.92857142857144
kilulu,197.9
kiluvya,108.0
kimagai,1120.0
kimamba a,438.85714285714283
kimamba b,434.0
kimambi,350.0
kimandolu,1392.0
kimang'a,14.818181818181818
kimanzichana,40.6875
kimbe,538.6325088339223
kimbiji,-11.8
kimnyaki,1559.0379746835442
kimochi,1229.4807692307693
kimuli,1240.0
kimwani,1240.0
kinaga,44.47230028101164
kinamapula,44.47230028101163
kinampanda,1508.0
kinang'weli,188.24214103653347
kindi,1099.8510638297873
king'ori,1092.375
kingale,1120.0
kingerikiti,1396.0
kingolwira,470.6666666666667
kining'inila,1233.0
kinjumbi,-9.731707317073171
kinole,490.0769230769231
kintinku,851.5555555555555
kinungu,1233.0
kinyagiri,1365.923076923077
kinyala,1711.0
kinyerezi,62.88235294117647
kinyeto,1574.9782608695652
kiomboi,1531.34375
kiomoni,125.0
kipagalo,2089.6521739130435
kipande,1904.8620689655172
kipanga,1233.0
kipara mnero,308.0
kipatimu,307.06382978723406
kipeta,811.375
kipili,1233.0
kipumbwi,-1.35
kirando,763.1
kirangare,1487.608695652174
kiranjeranje,21.59259259259259
kiranyi,1388.104347826087
kirima,1124.1052631578948
kiroka,371.0217391304348
kiromba,112.47368421052632
kiromo,5.652742346938775
kirongo,1228.0
kirongo samanga,1318.125
kirongwe,1033.9605263157894
kirua vunjo kusini,921.295918367347
kirua vunjo magharibi,1539.3653846153845
kiruruma,1240.0
kirushya,1240.0
kirwa keni,1479.6
kirya,690.3333333333334
kisaka,1220.4285714285713
kisaki,183.07142857142858
kisale msangara,1267.04
kisanga,722.0166666666667
kisangasa,538.6325088339224
kisangura,1613.0
kisarawe,216.5
kisarawe ii,23.61764705882353
kisawasawa,300.6470588235294
kisegese,1711.0
kisemu,329.63793103448273
kisesa,87.04033251855753
kisese,1120.0
kishanda,1240.0
kishanje,1240.0
kishapu,44.472300281011655
kisiju,-1.4
kisiwani,726.6410256410256
kisondela,1711.0
kisongo,1368.2121212121212
kisorya,1150.7142857142858
kisuke,44.472300281011655
kisumwa,1195.6
kitagata,1223.888888888889
kitahana,1419.8837209302326
kitama,207.5
kitanda,985.3265306122449
kitanga,1211.6
kitangari,473.4761904761905
kitangili,44.472300281011634
kitaya,-5.2727272727272725
kitembe,1366.0
kitendaguru,1240.0
kitere,34.23529411764706
kitete,1233.0
kitirima kingachi,1420.375
kitobo,1240.0
kitomanga,83.55555555555556
kitomondo,25.0
kitongo sima,141.93068987749845
kitongoni,827.4
kitulo,2409.185185185185
kitunda,18.41117231672693
kituntu,1240.0
kitura,1263.5
kiusa,830.5
kiva,536.7777777777778
kivinje singino,40.714285714285715
kiwalala,27.0
kiwangwa,137.52631578947367
kiwere,1381.774193548387
kiwira,1711.0
kiyowela,1286.5
kizara,458.1333333333333
kizengi,1233.0
kizumbi,44.47230028101165
kolandoto,44.47230028101165
kolero,421.6190476190476
kolo,1120.0
komkonga,352.3
komuge,1198.6923076923076
kongolo,141.93068987749845
kongwa urban,1120.0
korogwe,439.6529126213592
koromije,141.93068987749842
korongoni,808.0
koryo,1244.0
kukirango,1249.423076923077
kulimi,44.47230028101167
kumsenga,1243.2285714285715
kunduchi,58.666666666666664
kurua vunjo mashariki,1296.8181818181818
kurui,139.6875
kwadelo,1120.0
kwafungo,205.23076923076923
kwagunda,291.125
kwai,1663.0
kwakoa,796.4067796610169
kwala,50.916666666666664
kwale,538.6325088339224
kwaluguru,549.0
kwamatuku,337.57142857142856
kwamkonje,567.3333333333334
kwamndolwa,439.6529126213591
kwamsisi,181.125
kwamtoro,1120.0
kwasunga,283.5
kwediboma,538.6325088339222
kwedizinga,307.0
kyaka,1240.0
kyambahi,1529.3103448275863
kyamuraile,1240.0
kyang'ombe,1172.1363636363637
kyanyari,1258.357142857143
kyebitembe,1240.0
kyela urban,1711.0
kyengege,1480.9333333333334
kyerwa,1240.0
kyimo,1711.0
laela,1543.142857142857
lagana,44.47230028101165
lagangabilili,1103.4340231120668
laghanga,1592.0
lake jipe,683.7692307692307
lalago,44.47230028101166
lalta,1120.0
lamaiti,1120.0
langali,1077.25
langiro,1496.1666666666667
legezamwendo,1481.904761904762
leguruki,1411.2164948453608
lemara,1271.25
lemasule,350.125
lembeni,955.9894736842106
lengatei,1357.8260869565217
levolosi,1411.0
ligera,765.6190476190476
ligoma,475.0
ligunga,608.25
lihimalyo,-4.2
likawage,114.15789473684211
likokona,368.27272727272725
likombe,-30.14814814814815
likunja,333.0
lilambo,999.65625
linda,1263.0
lingeka,44.47230028101166
lionja,245.04761904761904
lipingo,475.4782608695652
lipumburu,328.0
litembo,1662.0666666666666
litisha,959.3846153846154
lituhi,487.6296296296296
litumbandyosi,887.0
liuli,482.8727272727273
liwale a,469.8333333333333
liwale b,383.1818181818182
lizaboni,1057.3333333333333
loibor siret,1303.7058823529412
loibor soit,617.8888888888889
lolkisale,1374.1
longido,1358.8823529411766
longuo,952.4285714285714
loya,1233.0
luagala,335.3
luana,1361.9705882352941
lubanga,141.93068987749845
lubiga,44.472300281011634
lubiri,141.9306898774984
lubugo,141.93068987749845
luchelegwa,269.5925925925926
luchili,871.48
luchingu,527.0714285714286
ludende,1667.0625
ludewa,1376.923076923077
luduga,1489.4107142857142
luegu,951.9594594594595
lufilyo,1711.0
lufingo,1711.0
lugarawa,1472.095238095238
lugata,141.93068987749842
lugoba,231.31578947368422
lugulu,188.24214103653344
lugunga,44.47230028101165
luhundwa,1120.0
luhunga,1921.76
luilo,809.3333333333334
lukande,344.9230769230769
lukanga,7.75
lukokoda,306.8
lukulendi,384.5438596491228
lukumbule,337.90909090909093
lulindi,368.4655172413793
lumbiji,1033.673469387755
lumemo,264.1011235955056
lumuli,1748.6
lumuma,568.6720492118418
lundi,356.75
lunguya,44.47230028101163
lunguza,390.375
lupa tingatinga,1711.0
lupalilo,2051.2982456140353
lupanga,1717.4545454545455
lupata,1711.0
lupembe,1580.987951807229
lupila,1853.445945945946
lupiro,297.02564102564105
luponde,1938.5675675675675
lusahunga,1240.0
lusanga,190.25
lusewa,710.7924528301887
lushoto,1499.9545454545455
lusu,1233.0
lusungo,1711.0
luswisi,1711.0
lutale,141.93068987749845
lutebe,1711.0
lutende,1233.0
lutindi,1085.5
luwalaje,1711.0
lwamgasa,141.9306898774984
lwangwa,1711.0
lyabukande,44.47230028101165
lyenje,288.8
lyoma,141.93068987749845
mabama,1233.0
mabamba,1257.9298245614036
mabawe,1240.0
mabira,1240.0
maboga,1707.88
mabogini,727.0
mabokweni,77.76
mabwerebwere,462.078431372549
machame kaskazini,1329.25
machame kusini,859.768115942029
machame magharibi,1600.2380952380952
machame mashariki,1302.864406779661
machame uroki,1301.8026315789473
machimboni,1092.5
machinjioni,818.0
machochwe,1537.52
madanga,46.96153846153846
madibira,1711.0
madilu,1973.5
madimba,-10.142857142857142
madope,2076.4166666666665
madunga,2075.9583333333335
mafinga,1882.16
mafinzi,51.25
mafyeko,1711.0
magagura,915.9770114942529
magamba,1136.909090909091
magara,985.5526315789474
magata/karutanga,1240.0
magawa,5.733882030178326
magazini,577.2222222222222
magengati,1233.0
magengeni,-12.571428571428571
maghang,1772.625
maghojea,1620.774193548387
magila,179.64705882352942
magindu,142.5
magiri,1233.0
magole,474.53473491773326
magoma,357.3673469387755
magomeni,-15.951385459533608
magoroto,610.0
magu urban,141.93068987749845
magubike,474.5347349177333
magugu,1006.875
magulilwa,1632.3225806451612
maguu,1493.25
mahanje,1016.8490566037735
mahege,35.918188458729
mahembe,990.019801980198
mahenge,571.448275862069
mahida holili,1299.8918918918919
mahongole,1534.9071784714163
mahuninga,1020.1379310344828
mahurunga,-21.641025641025642
mahuta,425.85714285714283
mailimoja,94.23529411764706
majeleko,1120.0
majengo,591.7333333333333
maji ya chai,1248.5157894736842
majiri,838.6923076923077
makambako,1602.047619047619
makame,1066.9285714285713
makanda,425.3801652892562
makang'wa,1120.0
makanjiro,286.5
makanya,705.46
makata,553.6923076923077
makiba,916.5714285714286
makiidi,1485.8235294117646
makojo,1171.4
makongorosi,1711.0
makonona,250.07692307692307
makorongo,1120.0
makote,499.2
makukwe,465.7
makuro,1597.128205128205
makuru,1255.9166666666667
makurugusi,1240.0
makutopora,1120.0
makuyuni,780.1415094339623
makwale,1711.0
malambo,1274.3636363636363
malampaka,44.472300281011655
malangali,1444.1914387633772
malatu,534.4285714285714
malenga makali,994.275
malibwi,1443.8333333333333
maligisu,141.93068987749845
malili,141.93068987749845
malindi,1756.8640776699028
malinyi,292.1388888888889
malolo,317.4794599253088
malunga,44.472300281011634
malya,141.93068987749845
mamba,1106.0955555555556
mamba kaskazini,1525.52
mamba kusini,1265.7317073170732
mambali,1233.0
mamboya,474.53473491773326
mambwekenya,1621.6
mambwenkoswe,1625.909090909091
mamire,1233.5304347826086
mamsera,975.21875
manchali,1120.0
manchira,1567.2222222222222
manda,484.922711058264
mandarawe,378.44444444444446
mandawa,230.56410256410257
mandewa,1479.3142857142857
maneromango,340.5
mang'ola,1038.9565217391305
mang'onyi,1311.5625
mang'oto,2330.7704918032787
mang'ula,263.989010989011
manga,1246.6666666666667
mangirikiti,459.9
mantare,141.93068987749842
manwanga,267.0
manyondwe,1240.0
manyoni,1284.5875
manza,538.6325088339223
manzase,1120.0
maore,530.9545454545455
mapogoro,1711.0
maposeni,991.5846153846154
maputi,490.22727272727275
maramba,538.6325088339219
marambo,399.5238095238095
marangu magharibi,1606.25
marangu mashariki,1430.9019607843138
maratani,339.53333333333336
maretadu,1735.6571428571428
maroroni,998.0
marui,107.0
maruku,1240.0
marumba,680.2727272727273
marumbo,306.92
marungu,49.5
masaba,1382.5217391304348
masagalu,538.6325088339223
masagati,488.57142857142856
masaki,236.14285714285714
masakta,1622.9375
masama kusini,1019.6046511627907
masama magharibi,1425.7758620689656
masama mashariki,1275.0841121495328
masama rundugai,869.1621621621622
masanga,44.47230028101164
masange,1120.0
masanze,543.2727272727273
masasi,704.6666666666666
masela,44.472300281011655
mashewa,367.6363636363636
masieda,1501.875
maskati,773.0
masoko,-28.470588235294116
masqaroda,1553.1875
massa,1120.0
masuguru,181.8
masukulu,1711.0
masumbwe,44.47230028101166
matai,1702.6041666666667
matamba,2110.2
matanga,1819.1666666666667
matarawe,1034.0
matare,1572.5714285714287
matekwe,430.14285714285717
matema,1711.0
matemanga,668.1428571428571
matendo,1023.6117647058824
mateves,1358.6818181818182
matimba,68.72727272727273
matimira,860.4590163934427
matiri,1256.578947368421
matogoro,1180.8076923076924
matola,2108.6275862068965
matomondo,1120.0
matongo,1286.6666666666667
matui,1255.75
matwiga,1711.0
maundo,227.1818181818182
mavanga,1099.439024390244
mawengi,1690.877192982456
maweni,801.6666666666666
mawenzi,824.0
mawindi,1711.0
mayanga,70.31037649219466
mazae,1120.0
mazimbu,535.0
mazinde,559.32
mazingara,461.3076923076923
mazwi,1813.2307692307693
mbabala,1120.0
mbaha,553.6
mbalamaziwa,1673.54
mbalawala,1120.0
mbamba bay,470.9310344827586
mbangala,1711.0
mbangamao,1181.047619047619
mbanja,-9.12396694214876
mbaramo,1158.103448275862
mbarika,141.93068987749842
mbaya,365.375
mbebe,1711.0
mbede,911.0
mbekenyera,268.34615384615387
mbelekese,1413.2608695652175
mbesa,519.6086956521739
mbezi,29.69099276791584
mbinga urban,1298.2075471698113
mbingu,284.53846153846155
mbita,188.24214103653358
mbogwe,233.55625250903242
mbokomu,1085.875
mbondo,336.22222222222223
mbuga,275.4923456790122
mbugani,1696.0625
mbuguni,922.8095238095239
mbuji,1651.1666666666667
mbulu urban,1746.0
mbulumbulu,1662.8255813953488
mbutu,1233.0
mbuyuni,341.9328000000001
mbuzii,1278.2666666666667
mbwara,72.75
mbweni,-14.666666666666666
mbwewe,327.625
mcharo,1255.404761904762
mchauru,229.625
mchemo,574.6470588235294
mchesi,369.2916666666667
mchinga,3.0454545454545454
mcholi ii,439.3333333333333
mchombe,285.8695652173913
mchoteka,547.3571428571429
mchukwi,36.0
mdago,1416.6666666666667
mdandu,1797.6060606060605
mdimba mnyoma,349.8421052631579
measkron,1656.7272727272727
melela,481.6585365853659
membe,1120.0
mengwe manda,1280.4473684210527
mererani,912.2641509433962
merya,1606.3684210526317
mfaranyaki,1063.5
mfumbi,1069.8
mgama,1701.375
mgambo,341.51063829787233
mgandu,1511.8620689655172
mganza,1101.0
mgombasi,762.6545454545454
mgori,1325.3823529411766
mgungira,1035.142857142857
mgwashi,1422.4666666666667
mhande,141.9306898774984
mhango,188.24214103653355
mhezi,1627.25
mhinduro,538.6325088339223
mhonda,459.0
mhongolo,44.472300281011634
mhunze,1274.4070179584128
miangalua,1560.1052631578948
mibulani,-28.3
michenjele,152.30769230769232
miguruwe,131.83333333333334
miguwa,1233.0
mihambwe,183.16666666666666
mihugi,1233.0
mihumo,528.6923076923077
mikalanga,1541.4736842105262
mikangaula,332.72727272727275
mikoni,1240.0
mikumi,570.0232558139535
mikunguni,46.5
milambo,1233.0
milanzi,1922.8095238095239
milepa,834.25
milingoti magharibi,592.6666666666666
milingoti mashariki,545.8
milogodi,307.61538461538464
milola,263.2142857142857
mima,1120.0
mindu,425.3333333333333
minepa,269.8421052631579
mingumbi,43.84
minyughe,1331.2
minziro,1240.0
miono,280.95
mipingo,74.05917159763314
mirare,1342.2727272727273
mirui,262.5
misalai,1001.6666666666666
misasi,141.93068987749845
misechela,449.9375
misezero,1391.878787878788
misha,1233.0
mishamo,1297.8916256157636
misima,557.7142857142857
misozwe,185.47058823529412
missungwi,141.93068987749845
misughaa,1241.076923076923
misunkumilo,1076.0
miteja,-21.954545454545453
mitengo,-35.75
mitole,47.0
mizibaziba,1233.0
mji mpya,802.0
mji mwema,-27.76923076923077
mkalamo,239.85915492957747
mkamba,67.51515151515152
mkambalani,469.85185185185185
mkange,106.46153846153847
mkata,376.75
mkigo,1586.1636363636364
mkindi,538.6325088339223
mkinga,538.6325088339224
mkoka,81.97086368366281
mkolani,225.22535211267606
mkoma,1248.0208333333333
mkomazi,428.1875
mkongo,536.0380819285527
mkonjowano,342.14285714285717
mkonze,1120.0
mkoreha,177.8125
mkotokuyana,363.8
mkowe,1683.3125
mkula,138.05555555555546
mkulazi,96.11111111111111
mkululu,381.85714285714283
mkumbi,1404.0
mkundi,337.26666666666665
mkunya,275.0
mkuranga,63.01851851851852
mkutano,267.8
mkuyuni,385.4102564102564
mkuzi,188.41666666666666
mkwaja,-12.11111111111111
mkwajuni,1711.0
mkwamba,1755.1538461538462
mkwedu,512.8333333333334
mkwiti,118.0
mlali,443.2004938271606
mlalo,1378.5714285714287
mlambo-itobo,1233.0
mlandizi,35.27272727272727
mlangali,1689.1104000000007
mlangarini,1152.891304347826
mlembwe,558.5714285714286
mletele,1119.75
mlimani,1273.0
mlimba,326.6714285714286
mlola,1242.7333333333333
mlondwe,2131.9
mlowa,891.0
mlowa bwawani,1120.0
mlowo,1711.0
mlunduzi,1120.0
mnacho,401.5
mnara,659.5454545454545
mnavira,210.95238095238096
mnazi,839.7941176470588
mnekachi,664.0
mnenia,1120.0
mnero miembeni,361.7142857142857
mnero ngongo,305.52941176470586
mngazi,182.59259259259258
mngonya,824.1851851851852
mngoyo,-3.0
mnima,233.6
mninga,1899.0
mnolela,106.58333333333333
mnyamba,1208.409090909091
mnyambe,726.2222222222222
mnyawa,233.30769230769232
mnyuzi,256.3666666666667
moa,538.6325088339222
mofu,261.1904761904762
mogitu,1679.911111111111
mogwa,1233.0
moita,1242.3333333333333
moivo,1463.9545454545455
mollo,2022.3
mombo,406.6
mondo,142.24754571001048
monduli juu,1609.25
moshono,1269.2272727272727
motamburu kitendani,1739.9285714285713
mpalanga,1120.0
mpamantwa,1120.0
mpambala,1089.0
mpanda ndogo,1188.8666666666666
mpapa,1455.08
mpendo,1120.0
mpepai,946.5
mphwayungu,1120.0
mpigamiti,843.3333333333334
mpindimbi,475.7
mpindo,44.47230028101162
mpinji,1396.4
mpiruka,405.625
mpitimbi,990.2205882352941
mpondo,1711.0
mpotwa,432.96666666666664
mpuguso,1711.0
mpui,1584.2
mpunguzi,1120.0
mpunze,44.47230028101166
mrijo,1120.0
msalato,1120.0
msamalo,1120.0
msambara,1593.35
msambiazi,439.6529126213592
msanga,329.125
msangano,1711.0
msangeni,1314.375
msanja,538.6325088339224
msanzi,1773.795918367347
msaranga,799.3333333333334
msata,243.4931506849315
mseke,1635.032258064516
mshangano,1084.6
mshewa,1439.0833333333333
mshewe,1711.0
msia,1711.0
msimbu,129.1875
msindo,1023.8805970149253
msingi,1302.090909090909
msisi,1188.0587695133154
msitu wa tembo,698.8545454545455
msogezi,514.6666666666666
msongola,25.775862068965516
msowero,474.53473491773315
mtae,1656.0
mtakuja,141.9306898774984
mtama,84.4090909090909
mtamaa,1444.5263157894738
mtambula,1699.96
mtanana,1120.0
mtanda,-3.0
mtanila,1711.0
mtapenda,1146.078947368421
mtego wa noti,1089.0555555555557
mtekente,1150.5
mtenga,1561.095238095238
mtibwa,332.81081081081084
mtii,1298.2
mtimbira,321.57142857142856
mtimbwani,538.6325088339223
mtina,515.5217391304348
mtindiro,174.55555555555554
mtiniko,160.45454545454547
mtinko,1555.75
mtipa,1518.6
mtipwili,469.125
mtitaa,1120.0
mtitu,1735.4285714285713
mtoa,1141.3125
mtombozi,375.4117647058824
mtonya,-38.5
mtowisa,832.1388888888889
mtua,289.55
mtumba,1120.0
mtwango,1733.202614379085
mubunda,1240.0
mudida,1545.2916666666667
mugango,1155.5
muganza,1240.0
mugoma,1240.0
mugumu urban,1605.359375
mugunzu,1288.09375
muhange,1406.3076923076924
muhinda,1613.698795180723
muhukuru,719.3333333333334
muhunga,1591.525
muhutwe,1240.0
muhuwesi,451.2692307692308
mukituntu,1286.6904761904761
muleba,1240.0
mundemu,1120.0
mundindi,1429.9722222222222
munga'a,1603.984375
mungumaji,1534.0
munyegera,1360.6781609195402
munzenze,1072.7209302325582
murangi,1167.6666666666667
muriaza,1466.9615384615386
muriba,1818.5
murieti,1502.0689655172414
muriti,1201.6451612903227
murongo,1240.0
murray,1910.5
murufiti,1222.406976744186
murungu,1305.607142857143
murusagamba,1240.0
murutunguru,1197.0263157894738
musa,1588.0689655172414
muungano,1174.8857142857144
muyama,1269.8
muze,823.5714285714286
muzye,1338.952380952381
mvomero,367.7984496124031
mvuha,137.07894736842104
mvumi makulu,1120.0
mvumi mission,1120.0
mvungwe,538.6325088339221
mwabomba,141.93068987749842
mwabuma,44.47230028101165
mwabusalu,44.472300281011634
mwabuzo,44.47230028101164
mwada,969.2666666666667
mwadobana,188.24214103653347
mwadui lohumbo,44.472300281011634
mwagi,141.93068987749834
mwakanshashala,1233.0
mwakilyambiti,141.93068987749845
mwakipoya,44.47230028101165
mwakitolyo,44.472300281011634
mwalusembe,40.05882352941177
mwamabanza,141.93068987749842
mwamala,427.33663116512383
mwamalasa,44.47230028101165
mwamalili,44.47230028101164
mwamalole,44.472300281011634
mwamanga,141.93068987749845
mwamanongu,44.47230028101164
mwamapalala,188.24214103653344
mwamashele,44.47230028101163
mwamashiga,1233.0
mwamgongo,1059.452380952381
mwamishali,44.47230028101164
mwananyili,141.93068987749842
mwandeti,1713.9411764705883
mwandiga,890.0487804878048
mwandoya,44.472300281011606
mwandu,141.93068987749845
mwang'halanga,141.93068987749845
mwanga,1565.53125
mwanga kaskazini,864.0
mwanga urban,803.5
mwangaza,1329.6666666666667
mwangoi,1374.75
mwangoye,1233.0
mwanhunzi,44.47230028101163
mwaniko,905.1608733122669
mwanjoro,44.47230028101165
mwankoko,1472.46875
mwantini,44.47230028101165
mwaru,1196.3333333333333
mwaseni,17.057142857142857
mwashiku,1233.0
mwaswale,188.2421410365336
mwaubingi,188.2421410365336
mwawaza,44.47230028101164
mwaya,188.16288234190284
mwazye,1789.1636363636364
mwembe,967.0185185185185
mwembesongo,496.6666666666667
mwena,303.17021276595744
mwendakulima,44.472300281011655
mwera,46.473684210526315
mwese,1725.1666666666667
mwika kaskazini,1568.7619047619048
mwika kusini,1311.4561403508771
mwimbi,1752.35
mwingiro,141.93068987749842
mwisi,1233.0
mwitikira,1120.0
mwongozo,1233.0
myangayanga,1388.5238095238096
myovizi,1711.0
myunga,1711.0
mzenga,76.29268292682927
mzinga,560.85
mzizima,53.53333333333333
mzumbe,494.0833333333333
naberera,1262.4705882352941
nachunyu,48.25
nahukahuka,316.7142857142857
nainokanoka,2540.590909090909
naintiri,1404.7142857142858
naipanga,327.57142857142856
naipingo,371.27272727272725
naiyobi,2316.25
nakapanya,349.6
nakatuguru,1141.4
nala,1120.0
nalasi,532.7647058823529
namabengo,846.0
namagondo,1247.65
namajani,398.984375
namalenga,361.38709677419354
namanga,1324.4375
namanyere,1533.3125
namapwia,235.66666666666666
namasakata,479.2962962962963
namatula,377.8333333333333
namatutwe,341.0
nambambo,366.54545454545456
nambilanje,160.33333333333334
nambinzo,1711.0
namichinga,195.83333333333334
namikango,310.25
namikupa,237.75
namilembe,1172.4814814814815
namiyonga,558.7142857142857
nampungu,621.8333333333334
namtuhuka,163.08333333333334
namwinyu,797.4705882352941
nandembo,555.5555555555555
nandete,324.72727272727275
nanga,1233.0
nanganga,232.82608695652175
nangano,285.3333333333333
nangaru,145.0
nangomba,358.27777777777777
nangowe,428.3333333333333
nanguruwe,165.25
nangwa,1615.6
nanhyanga,320.44444444444446
nanjara reha,1615.7222222222222
nanjirinji,48.07142857142857
nanjota,327.6969696969697
nansimo,1153.4285714285713
nanyamba,198.33333333333334
nanyumbu,275.03125
napacho,309.2
naputa,216.4
narungombe,231.85
nata,1233.0
natta,1367.5915492957747
naumbu,-20.791666666666668
ndala,1233.0
ndalambo,1711.0
ndama,1240.0
ndedo,1006.0
ndembezi,1233.0
ndevelwa,1233.0
nditi,267.8
ndogosi,1102.0227272727273
ndola,1711.0
ndolwa,390.2631578947368
ndomoni,265.3
ndono,1233.0
nduguti,1534.840909090909
nduli,1305.142857142857
ndumbwe,-23.846153846153847
ndungu,495.94444444444446
nduruma,999.5622119815669
negero,538.6325088339223
neruma,1175.8444444444444
ng'ambo,1233.0
ng'apa,2.0
ng'haya,141.9306898774984
ng'hoboko,44.47230028101163
ng'hundi,141.93068987749842
ngana,1711.0
ngangamara,204.375
ngara urban,1240.0
ngarenanyuki,1492.4825581395348
ngarenaro,1388.0
ngasamo,141.9306898774984
ngaya,44.47230028101165
ngenge,1240.0
ngerengere,182.95
ngh'ong'ona,1120.0
nghambaku,1120.0
ngima,1620.7777777777778
ngimu,1590.7777777777778
ngofila,44.47230028101164
ngoheranga,301.77777777777777
ngokolo,44.47230028101165
ngoma,1164.4166666666667
ngombezi,439.6529126213592
ngomeni,89.6086956521739
ngonga,1711.0
ngongowele,512.0
ngongwa,44.47230028101166
ngorika,683.5
ngorongo,5.64453125
ngorongoro,2358.3
ngudu,141.93068987749845
ngujini,1561.6
ngulinguli,44.47230028101163
ngulla,141.93068987749842
ngulu,1233.0
nguruka,1072.45
nguvu moja,1233.0
ngwala,1711.0
ngwelo,1190.0
nhundulu,141.9306898774984
nishambya,1240.0
nitekela,223.85714285714286
njengwa,226.19230769230768
njinjo,34.38095238095238
njoge,1120.0
njombe urban,1967.1666666666667
njoro,1097.6521739130435
nkaiti,988.5454545454545
nkangamo,1711.0
nkilizya,1175.5
nkinga,1233.0
nkiniziwa,1233.0
nkinto,1529.1363636363637
nkoanrua,1323.162162162162
nkoaranga,1316.0217391304348
nkoarisambu,1500.388888888889
nkoko,1168.1666666666667
nkololo,188.24214103653333
nkoma,862.129535071219
nkomang'ombe,1124.7692307692307
nkome,141.9306898774984
nkowe,410.6470588235294
nkumba,194.15555555555557
nkungulu,141.93068987749805
nkwenda,1240.0
nondwa,1120.0
nsemulwa,1086.0
nshamba,1240.0
nsimbo,1134.6964285714287
nsunga,1240.0
ntendo,1828.875
ntobeye,1240.0
ntobo,163.3250702529104
ntuntu,1565.7954545454545
ntwike,1086.0833333333333
nyabibuye,1396.3
nyabiyonza,1240.0
nyabubinza,44.47230028101164
nyabusozi,1240.0
nyachiluluma,141.93068987749842
nyahongo,1182.3333333333333
nyaishozi,1240.0
nyakabindi,188.24214103653347
nyakagomba,141.9306898774984
nyakahanga,1240.0
nyakahura,1240.0
nyakakika,1240.0
nyakalilo,141.9306898774984
nyakamwaga,141.9306898774984
nyakasasa,141.93068987749842
nyakasimbi,1240.0
nyakasungwa,141.93068987749842
nyakatende,1192.2307692307693
nyakato,953.7815095702422
nyakibimbili,1240.0
nyakisasa,1240.0
nyakitonto,1330.84
nyakonga,1670.8333333333333
nyalikungu,44.47230028101163
nyaluhande,141.93068987749845
nyamagaro,1210.8181818181818
nyamalimbe,141.9306898774984
nyamatare,1400.9811320754718
nyamato,18.2304
nyamatongo,141.93068987749845
nyambiti,141.93068987749845
nyambono,1251.4117647058824
nyambureti,1387.5294117647059
nyamhula,1172.9444444444443
nyamidaho,1214.111111111111
nyamigogo,1240.0
nyamilama,141.93068987749845
nyamimange,1230.28125
nyamirembe,1240.0
nyamiyaga,1240.0
nyamnyusi,1476.5
nyamoko,1525.9375
nyamrandirira,1181.888888888889
nyamtinga,1257.0
nyamtukuza,1365.7714285714285
nyamunga,1168.0
nyamuswa,1407.0
nyamwaga,1657.9375
nyandekwa,387.82474686649715
nyandoto,1292.857142857143
nyang'hwale,141.93068987749845
nyanga,1240.0
nyangao,130.47619047619048
nyanguge,141.9306898774984
nyankanga,1206.9411764705883
nyanungu,1830.5
nyanzenda,141.93068987749845
nyarero,1664.5555555555557
nyarokoba,1489.0
nyarubungo,1240.0
nyasato,44.47230028101164
nyathorogo,1216.3
nyehunge,141.93068987749845
nyengedi,93.10714285714286
nyigogo,141.93068987749845
nyimbili,1711.0
nyololo,1728.4918032786886
nyoni,1605.2105263157894
nyugwa,141.9306898774984
nzega ndogo,1233.0
nzega urban,1233.0
nzera,141.93068987749842
nzihi,1406.576923076923
nzuguni,1120.0
okoani kibosho,1457.6363636363637
olbalbal,1441.9166666666667
olbolot,1318.0
old moshi magharibi,1141.7857142857142
old moshi mashariki,1141.5636363636363
old sumbawanga,1844.095238095238
oldeani,1481.75
oldonyo sambu,1197.0
oldonyosambu,1784.5324675324675
olele,1361.3846153846155
olgosorok,2102.6071428571427
oljoro,1037.55
olkokola,1825.9924812030076
olmolog,1673.030303030303
olorien,1351.75
oltroto,1590.5333333333333
oltrumet,1540.4615384615386
orkesumet,1298.2058823529412
ovada,1120.0
pahi,1120.0
pandagichiza,44.472300281011634
pandambili,1120.0
pande,67.6923076923077
pangale,1233.0
pangani magharibi,-16.75
pangani mashariki,-14.8125
pangwi,538.6325088339223
panzuo,121.625
paranga,1120.0
partimbo,1430.4166666666667
pasiansi,225.22535211267603
pasua,781.2
pemba,1598.0833333333333
pemba mnazi,-16.782608695652176
pinyinyi,644.1
pito,1910.2727272727273
poli,1345.4285714285713
pongwe,98.5
potwe,262.42857142857144
puge,1233.0
pugu,65.15068493150685
puma,1555.0227272727273
qash,1226.2307692307693
qurus,1499.3492063492063
rabuor,1210.5
railway,-25.8
rangwi,1846.1666666666667
rasbura,44.0
rau,903.8
rhotia,1561.52
rigicha,1340.6206896551723
ring'wani,1382.857142857143
riroda,1415.6296296296296
roche,1257.25
ruaha,402.6296296296296
ruanda,467.3146028442595
ruangwa,289.73333333333335
ruaruke,48.13333333333333
rubafu,1240.0
rubale,1240.0
rubeho,1317.7924528301887
rubuga,842.6
rudewa,495.3333333333333
rudi,1120.0
rugenge,1350.8
rugongowe,1312.623188405797
rugu,1240.0
ruhanga,1240.0
ruhembe,299.14736842105265
ruhita,1256.945945945946
ruhunga,1240.0
ruhuwiko,1030.111111111111
ruiwa,1711.0
rujewa,1711.0
rulenge,1240.0
runazi,1240.0
rung'bure,1453.3684210526317
rungemba,1786.0333333333333
rungwa,1378.7777777777778
rungwe mpya,1225.6363636363637
runzewe,44.47230028101165
ruponda,419.90909090909093
rusaba,1516.6666666666667
rusesa,1239.2857142857142
rushwa,1240.0
rusimbi,803.0
rusumo,1240.0
rutamba,172.77777777777777
ruvu,292.2743055555556
ruvu remit,597.0
ruvuma,1061.25
ruzinga,1240.0
rwabere,1240.0
rwinga,827.6666666666666
sadani,1518.6153846153845
sagara,1120.0
sagata,188.24214103653352
saja,1384.0
sakasaka,44.47230028101161
sakwe,188.24214103653338
salale,-45.875
salama,1502.5
salawe,44.47230028101163
sale,1244.2857142857142
sali,717.6111111111111
same urban,864.6
samuye,44.472300281011606
sandulula,2022.962962962963
sangabuye,225.22535211267595
sanjaranda,1323.5333333333333
sanje,270.6034482758621
santilya,1711.0
sanu,1830.8275862068965
sanza,891.3636363636364
sanzawa,1120.0
sapiwi,188.2421410365334
sasajila,884.7894736842105
saunyi,538.6325088339223
sazira,1336.8181818181818
segala,1120.0
segera,286.7
segese,44.472300281011655
sejeli,1120.0
sekei,1420.3333333333333
selambala,94.52173913043478
selela,1036.2727272727273
semembela,1233.0
senga,1926.9628099173556
sengenya,403.9
sepeko,1376.1875
sepuko,1479.3658536585365
serengeti national park,1796.6
shabaka,141.9306898774984
shagihilu,44.47230028101162
shambarai,920.829268292683
shangani,-20.75
shanwe,1067.5
shelui,1090.611111111111
shigala,141.93068987749842
shigamba,1233.0
shilalo,141.9306898774984
shimbi,1394.4782608695652
shinghatini,1226.9433962264152
shishani,141.93068987749845
shishiyu,44.47230028101166
shitage,1233.0
shume,1783.8983050847457
shungubweni,-30.071428571428573
sigili,1233.0
sigino,1190.0
siha kaskazini,1406.5172413793102
siha kati,1249.2068965517242
siha magharibi,1488.4857142857143
siha mashariki,1378.559633027523
sikonge,1233.0
sima,141.9306898774984
simbay,1469.0
simbo,755.9390979603564
sindano,195.44
sindeni,483.3076923076923
singisi,1361.2222222222222
sintali,1708.6666666666667
sirari,1614.5555555555557
sirop,1504.4
sitalike,1009.6153846153846
siuyu,1499.1923076923076
soera,1120.0
sofi,323.8421052631579
soga,110.0873786407767
soit sambu,1961.8636363636363
sokon i,1318.0
sokoni ii,1525.857142857143
solwa,44.47230028101163
somanda,188.24214103653333
somangira,-22.74190103239587
sombetini,1350.5
songa,195.77777777777777
songambele,844.949905482042
songoro,1587.3529411764705
songosongo,-39.76923076923077
songwa,44.47230028101165
soni,1246.8695652173913
sopa,1675.4444444444443
stesheni,343.3333333333333
subira,1062.6666666666667
sudi,32.285714285714285
suguti,1170.5
suji,1487.1666666666667
sukuma,89.95288209270544
suma,1711.0
sumbugu,141.93068987749842
sumve,141.93068987749845
sunga,1738.8
sungaji,341.962962962963
sungwisi,1233.0
sunuka,784.8125
sunya,1125.1666666666667
suruke,1120.0
tabaruka,141.93068987749842
tai,1206.304347826087
talaga,44.472300281011634
talawanda,133.2
tambani,49.05769230769231
tambuka reli,1120.0
tambukareli,1233.0
tamota,1161.5217391304348
tandahimba,238.38888888888889
tandangongoro,54.233333333333334
tanga,1060.945945945946
tarekea motamburu,1676.4666666666667
tawa,399.55
tchenzema,1627.4285714285713
tegeruka,1206.5
tembela,1711.0
terrat,1200.7142857142858
thawi,1120.0
themi,1325.0
tinde,44.47230028101157
tingatinga,1177.5714285714287
tingeni,183.42857142857142
tingi,651.1777777777778
titye,1154.695652173913
tlawi,1844.1
tongi,1233.0
tongoni,13.631578947368421
tulya,1078.0
tumati,2067.6428571428573
tumbi,90.83564013840832
tunduma,1711.0
tungamaa,20.40625
tununguo,181.22222222222223
turwa,1501.0
tutuo,1233.0
tuwemacho,572.7272727272727
ubangaa,53.1
ubaruku,1711.0
ubenazamozi,250.375
ubetu kahe,1635.780487804878
ubiri,1287.75
uchindile,1214.0
uchunga,44.472300281011634
udekwa,1334.842105263158
uduka,1233.0
ufana,1832.6785714285713
ufukoni,3.864864864864865
ufuluma,1233.0
ugala,1138.5
ughandi,1482.5142857142857
ugogoni,1120.0
ugunga,1233.0
uhambingeto,1383.3076923076924
ukata,831.0
ukenyenge,44.47230028101165
ukiriguru,141.93068987749842
ukondamoyo,1233.0
ukumbi,1824.955223880597
ukumbisiganga,1233.0
ukune,44.47230028101166
ukwama,2030.3714285714286
ukwega,1487.5384615384614
ulanda,1468.7575757575758
ulaya,534.8095238095239
ulemo,1440.2307692307693
ulenje,1711.0
ulowa,44.47230028101165
umwe,-22.352941176470587
unga ltd,1366.0
unyambwa,1541.3478260869565
unyamikumbi,1605.5428571428572
upuge,1233.0
urambo,1233.0
uru kaskazini,1333.0666666666666
uru kusini mawela,1040.2325581395348
uru mashariki,1259.4736842105262
uru shimbwe,1433.0666666666666
urughu,1134.3333333333333
urwira,1052.8
usa river,1158.5555555555557
usagali,1233.0
usagara,141.93068987749845
usanda,44.472300281011634
usangule,311.5681818181818
usevya,929.6666666666666
ushetu,44.47230028101164
ushiri ikuini,1451.34375
ushirika,44.47230028101161
ushirombo,44.4723002810116
ushokola,1233.0
usinge,1233.0
usisya,1233.0
ussoke,1233.0
usuka,1589.374331550802
usule,44.47230028101165
utende,1192.5
utengule,298.4761904761905
utengule usangu,1711.0
utengule usongwe,1711.0
utete,29.717869822485206
utiri,1371.0
utwigu,1233.0
uvinza,1111.341463414634
uwanja wa ndege,490.0
uwemba,2039.7977528089887
uyogo,44.47230028101165
uyovu,44.47230028101163
uyowa,1233.0
uyui,1233.0
uyumbu,1233.0
vibaoni,639.2777777777778
vigaeni,-24.714285714285715
vigoi,947.9545454545455
vigwaza,-4.4733727810650885
vihingo,69.86666666666666
vijibweni,-20.125
vikindu,31.21399176954732
vikumbulu,283.5
vinghawe,1120.0
visiga,55.44186046511628
vudee,1460.0833333333333
vuga,1325.642857142857
vugiri,532.0
vuje,1402.576923076923
vumilia,1233.0
vunta,1503.1724137931035
wala,141.93068987749842
wampelembe,820.1818181818181
wangama,2111.9791666666665
wanging'ombe,1376.611510791367
wariku,1238.4615384615386
wasa,1691.5
wela,1233.0
wino,1422.6823529411765
wotta,1120.0
yaeda chini,1338.0714285714287
yakobi,1690.6206896551723
yombo,8.910288358846564
zagayu,188.24214103653347
zanka,1120.0
ziba,1233.0
zinga/ikerege,-4.646546954378553
zirai,162.28571428571428
ziwani,-10.69921875
zoissa,1120.0
zombo,490.08
zongomera,44.47230028101165
zuzu,1120.0
